Date,Domicile,Score,Extérieur
2016-08-13,Hull City,2–1,Leicester City
2016-08-13,Burnley,0–1,Swansea City
2016-08-13,Southampton,1–1,Watford
2016-08-13,Crystal Palace,0–1,West Brom
2016-08-13,Middlesbrough,1–1,Stoke City
2016-08-13,Everton,1–1,Tottenham
2016-08-13,Manchester City,2–1,Sunderland
2016-08-14,Bournemouth,1–3,Manchester Utd
2016-08-14,Arsenal,3–4,Liverpool
2016-08-15,Chelsea,2–1,West Ham
2016-08-19,Manchester Utd,2–0,Southampton
2016-08-20,Stoke City,1–4,Manchester City
2016-08-20,Swansea City,0–2,Hull City
2016-08-20,West Brom,1–2,Everton
2016-08-20,Tottenham,1–0,Crystal Palace
2016-08-20,Burnley,2–0,Liverpool
2016-08-20,Watford,1–2,Chelsea
2016-08-20,Leicester City,0–0,Arsenal
2016-08-21,Sunderland,1–2,Middlesbrough
2016-08-21,West Ham,1–0,Bournemouth
2016-08-27,Tottenham,1–1,Liverpool
2016-08-27,Everton,1–0,Stoke City
2016-08-27,Crystal Palace,1–1,Bournemouth
2016-08-27,Chelsea,3–0,Burnley
2016-08-27,Southampton,1–1,Sunderland
2016-08-27,Watford,1–3,Arsenal
2016-08-27,Leicester City,2–1,Swansea City
2016-08-27,Hull City,0–1,Manchester Utd
2016-08-28,West Brom,0–0,Middlesbrough
2016-08-28,Manchester City,3–1,West Ham
2016-09-10,Manchester Utd,1–2,Manchester City
2016-09-10,Middlesbrough,1–2,Crystal Palace
2016-09-10,West Ham,2–4,Watford
2016-09-10,Arsenal,2–1,Southampton
2016-09-10,Stoke City,0–4,Tottenham
2016-09-10,Burnley,1–1,Hull City
2016-09-10,Bournemouth,1–0,West Brom
2016-09-10,Liverpool,4–1,Leicester City
2016-09-11,Swansea City,2–2,Chelsea
2016-09-12,Sunderland,0–3,Everton
2016-09-16,Chelsea,1–2,Liverpool
2016-09-17,West Brom,4–2,West Ham
2016-09-17,Leicester City,3–0,Burnley
2016-09-17,Manchester City,4–0,Bournemouth
2016-09-17,Hull City,1–4,Arsenal
2016-09-17,Everton,3–1,Middlesbrough
2016-09-18,Watford,3–1,Manchester Utd
2016-09-18,Southampton,1–0,Swansea City
2016-09-18,Crystal Palace,4–1,Stoke City
2016-09-18,Tottenham,1–0,Sunderland
2016-09-24,Manchester Utd,4–1,Leicester City
2016-09-24,Liverpool,5–1,Hull City
2016-09-24,Middlesbrough,1–2,Tottenham
2016-09-24,Swansea City,1–3,Manchester City
2016-09-24,Sunderland,2–3,Crystal Palace
2016-09-24,Stoke City,1–1,West Brom
2016-09-24,Bournemouth,1–0,Everton
2016-09-24,Arsenal,3–0,Chelsea
2016-09-25,West Ham,0–3,Southampton
2016-09-26,Burnley,2–0,Watford
2016-09-30,Everton,1–1,Crystal Palace
2016-10-01,Swansea City,1–2,Liverpool
2016-10-01,West Ham,1–1,Middlesbrough
2016-10-01,Sunderland,1–1,West Brom
2016-10-01,Hull City,0–2,Chelsea
2016-10-01,Watford,2–2,Bournemouth
2016-10-02,Manchester Utd,1–1,Stoke City
2016-10-02,Tottenham,2–0,Manchester City
2016-10-02,Leicester City,0–0,Southampton
2016-10-02,Burnley,0–1,Arsenal
2016-10-15,Chelsea,3–0,Leicester City
2016-10-15,Stoke City,2–0,Sunderland
2016-10-15,Manchester City,1–1,Everton
2016-10-15,Bournemouth,6–1,Hull City
2016-10-15,West Brom,1–1,Tottenham
2016-10-15,Arsenal,3–2,Swansea City
2016-10-15,Crystal Palace,0–1,West Ham
2016-10-16,Middlesbrough,0–1,Watford
2016-10-16,Southampton,3–1,Burnley
2016-10-17,Liverpool,0–0,Manchester Utd
2016-10-22,Bournemouth,0–0,Tottenham
2016-10-22,Leicester City,3–1,Crystal Palace
2016-10-22,Hull City,0–2,Stoke City
2016-10-22,Arsenal,0–0,Middlesbrough
2016-10-22,West Ham,1–0,Sunderland
2016-10-22,Swansea City,0–0,Watford
2016-10-22,Burnley,2–1,Everton
2016-10-22,Liverpool,2–1,West Brom
2016-10-23,Manchester City,1–1,Southampton
2016-10-23,Chelsea,4–0,Manchester Utd
2016-10-29,Sunderland,1–4,Arsenal
2016-10-29,Manchester Utd,0–0,Burnley
2016-10-29,West Brom,0–4,Manchester City
2016-10-29,Watford,1–0,Hull City
2016-10-29,Middlesbrough,2–0,Bournemouth
2016-10-29,Tottenham,1–1,Leicester City
2016-10-29,Crystal Palace,2–4,Liverpool
2016-10-30,Everton,2–0,West Ham
2016-10-30,Southampton,0–2,Chelsea
2016-10-31,Stoke City,3–1,Swansea City
2016-11-05,Burnley,3–2,Crystal Palace
2016-11-05,West Ham,1–1,Stoke City
2016-11-05,Manchester City,1–1,Middlesbrough
2016-11-05,Bournemouth,1–2,Sunderland
2016-11-05,Chelsea,5–0,Everton
2016-11-06,Arsenal,1–1,Tottenham
2016-11-06,Liverpool,6–1,Watford
2016-11-06,Hull City,2–1,Southampton
2016-11-06,Swansea City,1–3,Manchester Utd
2016-11-06,Leicester City,1–2,West Brom
2016-11-19,Manchester Utd,1–1,Arsenal
2016-11-19,Crystal Palace,1–2,Manchester City
2016-11-19,Everton,1–1,Swansea City
2016-11-19,Sunderland,3–0,Hull City
2016-11-19,Stoke City,0–1,Bournemouth
2016-11-19,Southampton,0–0,Liverpool
2016-11-19,Watford,2–1,Leicester City
2016-11-19,Tottenham,3–2,West Ham
2016-11-20,Middlesbrough,0–1,Chelsea
2016-11-21,West Brom,4–0,Burnley
2016-11-26,Burnley,1–2,Manchester City
2016-11-26,Leicester City,2–2,Middlesbrough
2016-11-26,Hull City,1–1,West Brom
2016-11-26,Liverpool,2–0,Sunderland
2016-11-26,Swansea City,5–4,Crystal Palace
2016-11-26,Chelsea,2–1,Tottenham
2016-11-27,Watford,0–1,Stoke City
2016-11-27,Arsenal,3–1,Bournemouth
2016-11-27,Manchester Utd,1–1,West Ham
2016-11-27,Southampton,1–0,Everton
2016-12-03,Manchester City,1–3,Chelsea
2016-12-03,Crystal Palace,3–0,Southampton
2016-12-03,West Brom,3–1,Watford
2016-12-03,Stoke City,2–0,Burnley
2016-12-03,Sunderland,2–1,Leicester City
2016-12-03,Tottenham,5–0,Swansea City
2016-12-03,West Ham,1–5,Arsenal
2016-12-04,Bournemouth,4–3,Liverpool
2016-12-04,Everton,1–1,Manchester Utd
2016-12-05,Middlesbrough,1–0,Hull City
2016-12-10,Watford,3–2,Everton
2016-12-10,Hull City,3–3,Crystal Palace
2016-12-10,Swansea City,3–0,Sunderland
2016-12-10,Burnley,3–2,Bournemouth
2016-12-10,Arsenal,3–1,Stoke City
2016-12-10,Leicester City,4–2,Manchester City
2016-12-11,Chelsea,1–0,West Brom
2016-12-11,Southampton,1–0,Middlesbrough
2016-12-11,Manchester Utd,1–0,Tottenham
2016-12-11,Liverpool,2–2,West Ham
2016-12-13,Everton,2–1,Arsenal
2016-12-13,Bournemouth,1–0,Leicester City
2016-12-14,Sunderland,0–1,Chelsea
2016-12-14,Middlesbrough,0–3,Liverpool
2016-12-14,West Ham,1–0,Burnley
2016-12-14,West Brom,3–1,Swansea City
2016-12-14,Crystal Palace,1–2,Manchester Utd
2016-12-14,Tottenham,3–0,Hull City
2016-12-14,Manchester City,2–0,Watford
2016-12-14,Stoke City,0–0,Southampton
2016-12-17,Crystal Palace,0–1,Chelsea
2016-12-17,Sunderland,1–0,Watford
2016-12-17,Stoke City,2–2,Leicester City
2016-12-17,West Ham,1–0,Hull City
2016-12-17,Middlesbrough,3–0,Swansea City
2016-12-17,West Brom,0–2,Manchester Utd
2016-12-18,Bournemouth,1–3,Southampton
2016-12-18,Manchester City,2–1,Arsenal
2016-12-18,Tottenham,2–1,Burnley
2016-12-19,Everton,0–1,Liverpool
2016-12-26,Watford,1–1,Crystal Palace
2016-12-26,Chelsea,3–0,Bournemouth
2016-12-26,Arsenal,1–0,West Brom
2016-12-26,Swansea City,1–4,West Ham
2016-12-26,Leicester City,0–2,Everton
2016-12-26,Manchester Utd,3–1,Sunderland
2016-12-26,Burnley,1–0,Middlesbrough
2016-12-26,Hull City,0–3,Manchester City
2016-12-27,Liverpool,4–1,Stoke City
2016-12-28,Southampton,1–4,Tottenham
2016-12-30,Hull City,2–2,Everton
2016-12-31,Chelsea,4–2,Stoke City
2016-12-31,Leicester City,1–0,West Ham
2016-12-31,Southampton,1–2,West Brom
2016-12-31,Burnley,4–1,Sunderland
2016-12-31,Swansea City,0–3,Bournemouth
2016-12-31,Manchester Utd,2–1,Middlesbrough
2016-12-31,Liverpool,1–0,Manchester City
2017-01-01,Watford,1–4,Tottenham
2017-01-01,Arsenal,2–0,Crystal Palace
2017-01-02,Middlesbrough,0–0,Leicester City
2017-01-02,Manchester City,2–1,Burnley
2017-01-02,Everton,3–0,Southampton
2017-01-02,West Brom,3–1,Hull City
2017-01-02,Sunderland,2–2,Liverpool
2017-01-02,West Ham,0–2,Manchester Utd
2017-01-03,Bournemouth,3–3,Arsenal
2017-01-03,Crystal Palace,1–2,Swansea City
2017-01-03,Stoke City,2–0,Watford
2017-01-04,Tottenham,2–0,Chelsea
2017-01-14,Tottenham,4–0,West Brom
2017-01-14,Swansea City,0–4,Arsenal
2017-01-14,Sunderland,1–3,Stoke City
2017-01-14,Burnley,1–0,Southampton
2017-01-14,Hull City,3–1,Bournemouth
2017-01-14,Watford,0–0,Middlesbrough
2017-01-14,West Ham,3–0,Crystal Palace
2017-01-14,Leicester City,0–3,Chelsea
2017-01-15,Everton,4–0,Manchester City
2017-01-15,Manchester Utd,1–1,Liverpool
2017-01-21,Liverpool,2–3,Swansea City
2017-01-21,Bournemouth,2–2,Watford
2017-01-21,Middlesbrough,1–3,West Ham
2017-01-21,West Brom,2–0,Sunderland
2017-01-21,Crystal Palace,0–1,Everton
2017-01-21,Stoke City,1–1,Manchester Utd
2017-01-21,Manchester City,2–2,Tottenham
2017-01-22,Southampton,3–0,Leicester City
2017-01-22,Arsenal,2–1,Burnley
2017-01-22,Chelsea,2–0,Hull City
2017-01-31,Sunderland,0–0,Tottenham
2017-01-31,Middlesbrough,1–1,West Brom
2017-01-31,Burnley,1–0,Leicester City
2017-01-31,Bournemouth,0–2,Crystal Palace
2017-01-31,Arsenal,1–2,Watford
2017-01-31,Swansea City,2–1,Southampton
2017-01-31,Liverpool,1–1,Chelsea
2017-02-01,West Ham,0–4,Manchester City
2017-02-01,Manchester Utd,0–0,Hull City
2017-02-01,Stoke City,1–1,Everton
2017-02-04,Chelsea,3–1,Arsenal
2017-02-04,West Brom,1–0,Stoke City
2017-02-04,Everton,6–3,Bournemouth
2017-02-04,Crystal Palace,0–4,Sunderland
2017-02-04,Hull City,2–0,Liverpool
2017-02-04,Watford,2–1,Burnley
2017-02-04,Southampton,1–3,West Ham
2017-02-04,Tottenham,1–0,Middlesbrough
2017-02-05,Manchester City,2–1,Swansea City
2017-02-05,Leicester City,0–3,Manchester Utd
2017-02-11,Arsenal,2–0,Hull City
2017-02-11,Manchester Utd,2–0,Watford
2017-02-11,Middlesbrough,0–0,Everton
2017-02-11,Stoke City,1–0,Crystal Palace
2017-02-11,Sunderland,0–4,Southampton
2017-02-11,West Ham,2–2,West Brom
2017-02-11,Liverpool,2–0,Tottenham
2017-02-12,Burnley,1–1,Chelsea
2017-02-12,Swansea City,2–0,Leicester City
2017-02-13,Bournemouth,0–2,Manchester City
2017-02-25,Chelsea,3–1,Swansea City
2017-02-25,West Brom,2–1,Bournemouth
2017-02-25,Crystal Palace,1–0,Middlesbrough
2017-02-25,Hull City,1–1,Burnley
2017-02-25,Everton,2–0,Sunderland
2017-02-25,Watford,1–1,West Ham
2017-02-26,Tottenham,4–0,Stoke City
2017-02-27,Leicester City,3–1,Liverpool
2017-03-04,Manchester Utd,1–1,Bournemouth
2017-03-04,West Brom,0–2,Crystal Palace
2017-03-04,Swansea City,3–2,Burnley
2017-03-04,Stoke City,2–0,Middlesbrough
2017-03-04,Leicester City,3–1,Hull City
2017-03-04,Watford,3–4,Southampton
2017-03-04,Liverpool,3–1,Arsenal
2017-03-05,Tottenham,3–2,Everton
2017-03-05,Sunderland,0–2,Manchester City
2017-03-06,West Ham,1–2,Chelsea
2017-03-08,Manchester City,0–0,Stoke City
2017-03-11,Hull City,2–1,Swansea City
2017-03-11,Bournemouth,3–2,West Ham
2017-03-11,Everton,3–0,West Brom
2017-03-12,Liverpool,2–1,Burnley
2017-03-18,West Brom,3–1,Arsenal
2017-03-18,Crystal Palace,1–0,Watford
2017-03-18,Sunderland,0–0,Burnley
2017-03-18,West Ham,2–3,Leicester City
2017-03-18,Stoke City,1–2,Chelsea
2017-03-18,Everton,4–0,Hull City
2017-03-18,Bournemouth,2–0,Swansea City
2017-03-19,Middlesbrough,1–3,Manchester Utd
2017-03-19,Tottenham,2–1,Southampton
2017-03-19,Manchester City,1–1,Liverpool
2017-04-01,Liverpool,3–1,Everton
2017-04-01,Hull City,2–1,West Ham
2017-04-01,Watford,1–0,Sunderland
2017-04-01,Leicester City,2–0,Stoke City
2017-04-01,Manchester Utd,0–0,West Brom
2017-04-01,Burnley,0–2,Tottenham
2017-04-01,Chelsea,1–2,Crystal Palace
2017-04-01,Southampton,0–0,Bournemouth
2017-04-02,Swansea City,0–0,Middlesbrough
2017-04-02,Arsenal,2–2,Manchester City
2017-04-04,Watford,2–0,West Brom
2017-04-04,Leicester City,2–0,Sunderland
2017-04-04,Burnley,1–0,Stoke City
2017-04-04,Manchester Utd,1–1,Everton
2017-04-05,Southampton,3–1,Crystal Palace
2017-04-05,Arsenal,3–0,West Ham
2017-04-05,Swansea City,1–3,Tottenham
2017-04-05,Hull City,4–2,Middlesbrough
2017-04-05,Liverpool,2–2,Bournemouth
2017-04-05,Chelsea,2–1,Manchester City
2017-04-08,Tottenham,4–0,Watford
2017-04-08,Manchester City,3–1,Hull City
2017-04-08,Stoke City,1–2,Liverpool
2017-04-08,Middlesbrough,0–0,Burnley
2017-04-08,West Brom,0–1,Southampton
2017-04-08,West Ham,1–0,Swansea City
2017-04-08,Bournemouth,1–3,Chelsea
2017-04-09,Sunderland,0–3,Manchester Utd
2017-04-09,Everton,4–2,Leicester City
2017-04-10,Crystal Palace,3–0,Arsenal
2017-04-15,Tottenham,4–0,Bournemouth
2017-04-15,Crystal Palace,2–2,Leicester City
2017-04-15,Everton,3–1,Burnley
2017-04-15,Stoke City,3–1,Hull City
2017-04-15,Watford,1–0,Swansea City
2017-04-15,Sunderland,2–2,West Ham
2017-04-15,Southampton,0–3,Manchester City
2017-04-16,West Brom,0–1,Liverpool
2017-04-16,Manchester Utd,2–0,Chelsea
2017-04-17,Middlesbrough,1–2,Arsenal
2017-04-22,Hull City,2–0,Watford
2017-04-22,Swansea City,2–0,Stoke City
2017-04-22,Bournemouth,4–0,Middlesbrough
2017-04-22,West Ham,0–0,Everton
2017-04-23,Burnley,0–2,Manchester Utd
2017-04-23,Liverpool,1–2,Crystal Palace
2017-04-25,Chelsea,4–2,Southampton
2017-04-26,Middlesbrough,1–0,Sunderland
2017-04-26,Arsenal,1–0,Leicester City
2017-04-26,Crystal Palace,0–1,Tottenham
2017-04-27,Manchester City,0–0,Manchester Utd
2017-04-29,West Brom,0–1,Leicester City
2017-04-29,Southampton,0–0,Hull City
2017-04-29,Sunderland,0–1,Bournemouth
2017-04-29,Stoke City,0–0,West Ham
2017-04-29,Crystal Palace,0–2,Burnley
2017-04-30,Manchester Utd,1–1,Swansea City
2017-04-30,Middlesbrough,2–2,Manchester City
2017-04-30,Everton,0–3,Chelsea
2017-04-30,Tottenham,2–0,Arsenal
2017-05-01,Watford,0–1,Liverpool
2017-05-05,West Ham,1–0,Tottenham
2017-05-06,Manchester City,5–0,Crystal Palace
2017-05-06,Burnley,2–2,West Brom
2017-05-06,Hull City,0–2,Sunderland
2017-05-06,Leicester City,3–0,Watford
2017-05-06,Bournemouth,2–2,Stoke City
2017-05-06,Swansea City,1–0,Everton
2017-05-07,Liverpool,0–0,Southampton
2017-05-07,Arsenal,2–0,Manchester Utd
2017-05-08,Chelsea,3–0,Middlesbrough
2017-05-10,Southampton,0–2,Arsenal
2017-05-12,Everton,1–0,Watford
2017-05-12,West Brom,0–1,Chelsea
2017-05-13,Manchester City,2–1,Leicester City
2017-05-13,Middlesbrough,1–2,Southampton
2017-05-13,Bournemouth,2–1,Burnley
2017-05-13,Sunderland,0–2,Swansea City
2017-05-13,Stoke City,1–4,Arsenal
2017-05-14,Crystal Palace,4–0,Hull City
2017-05-14,West Ham,0–4,Liverpool
2017-05-14,Tottenham,2–1,Manchester Utd
2017-05-15,Chelsea,4–3,Watford
2017-05-16,Arsenal,2–0,Sunderland
2017-05-16,Manchester City,3–1,West Brom
2017-05-17,Southampton,0–0,Manchester Utd
2017-05-18,Leicester City,1–6,Tottenham
2017-05-21,Swansea City,2–1,West Brom
2017-05-21,Chelsea,5–1,Sunderland
2017-05-21,Arsenal,3–1,Everton
2017-05-21,Southampton,0–1,Stoke City
2017-05-21,Hull City,1–7,Tottenham
2017-05-21,Manchester Utd,2–0,Crystal Palace
2017-05-21,Liverpool,3–0,Middlesbrough
2017-05-21,Watford,0–5,Manchester City
2017-05-21,Burnley,1–2,West Ham
2017-05-21,Leicester City,1–1,Bournemouth
2017-08-11,Arsenal,4–3,Leicester City
2017-08-12,Watford,3–3,Liverpool
2017-08-12,Crystal Palace,0–3,Huddersfield
2017-08-12,West Brom,1–0,Bournemouth
2017-08-12,Chelsea,2–3,Burnley
2017-08-12,Everton,1–0,Stoke City
2017-08-12,Southampton,0–0,Swansea City
2017-08-12,Brighton,0–2,Manchester City
2017-08-13,Newcastle Utd,0–2,Tottenham
2017-08-13,Manchester Utd,4–0,West Ham
2017-08-19,Swansea City,0–4,Manchester Utd
2017-08-19,Bournemouth,0–2,Watford
2017-08-19,Southampton,3–2,West Ham
2017-08-19,Leicester City,2–0,Brighton
2017-08-19,Burnley,0–1,West Brom
2017-08-19,Liverpool,1–0,Crystal Palace
2017-08-19,Stoke City,1–0,Arsenal
2017-08-20,Huddersfield,1–0,Newcastle Utd
2017-08-20,Tottenham,1–2,Chelsea
2017-08-21,Manchester City,1–1,Everton
2017-08-26,Bournemouth,1–2,Manchester City
2017-08-26,Huddersfield,0–0,Southampton
2017-08-26,Watford,0–0,Brighton
2017-08-26,Crystal Palace,0–2,Swansea City
2017-08-26,Newcastle Utd,3–0,West Ham
2017-08-26,Manchester Utd,2–0,Leicester City
2017-08-27,Chelsea,2–0,Everton
2017-08-27,West Brom,1–1,Stoke City
2017-08-27,Tottenham,1–1,Burnley
2017-08-27,Liverpool,4–0,Arsenal
2017-09-09,Manchester City,5–0,Liverpool
2017-09-09,Everton,0–3,Tottenham
2017-09-09,Arsenal,3–0,Bournemouth
2017-09-09,Leicester City,1–2,Chelsea
2017-09-09,Brighton,3–1,West Brom
2017-09-09,Southampton,0–2,Watford
2017-09-09,Stoke City,2–2,Manchester Utd
2017-09-10,Burnley,1–0,Crystal Palace
2017-09-10,Swansea City,0–1,Newcastle Utd
2017-09-11,West Ham,2–0,Huddersfield
2017-09-15,Bournemouth,2–1,Brighton
2017-09-16,Crystal Palace,0–1,Southampton
2017-09-16,Newcastle Utd,2–1,Stoke City
2017-09-16,Huddersfield,1–1,Leicester City
2017-09-16,Liverpool,1–1,Burnley
2017-09-16,West Brom,0–0,West Ham
2017-09-16,Watford,0–6,Manchester City
2017-09-16,Tottenham,0–0,Swansea City
2017-09-17,Chelsea,0–0,Arsenal
2017-09-17,Manchester Utd,4–0,Everton
2017-09-23,West Ham,2–3,Tottenham
2017-09-23,Southampton,0–1,Manchester Utd
2017-09-23,Stoke City,0–4,Chelsea
2017-09-23,Manchester City,5–0,Crystal Palace
2017-09-23,Burnley,0–0,Huddersfield
2017-09-23,Swansea City,1–2,Watford
2017-09-23,Everton,2–1,Bournemouth
2017-09-23,Leicester City,2–3,Liverpool
2017-09-24,Brighton,1–0,Newcastle Utd
2017-09-25,Arsenal,2–0,West Brom
2017-09-30,Huddersfield,0–4,Tottenham
2017-09-30,Stoke City,2–1,Southampton
2017-09-30,West Ham,1–0,Swansea City
2017-09-30,Manchester Utd,4–0,Crystal Palace
2017-09-30,Bournemouth,0–0,Leicester City
2017-09-30,West Brom,2–2,Watford
2017-09-30,Chelsea,0–1,Manchester City
2017-10-01,Arsenal,2–0,Brighton
2017-10-01,Everton,0–1,Burnley
2017-10-01,Newcastle Utd,1–1,Liverpool
2017-10-14,Liverpool,0–0,Manchester Utd
2017-10-14,Tottenham,1–0,Bournemouth
2017-10-14,Burnley,1–1,West Ham
2017-10-14,Crystal Palace,2–1,Chelsea
2017-10-14,Swansea City,2–0,Huddersfield
2017-10-14,Manchester City,7–2,Stoke City
2017-10-14,Watford,2–1,Arsenal
2017-10-15,Brighton,1–1,Everton
2017-10-15,Southampton,2–2,Newcastle Utd
2017-10-16,Leicester City,1–1,West Brom
2017-10-20,West Ham,0–3,Brighton
2017-10-21,Chelsea,4–2,Watford
2017-10-21,Manchester City,3–0,Burnley
2017-10-21,Huddersfield,2–1,Manchester Utd
2017-10-21,Swansea City,1–2,Leicester City
2017-10-21,Stoke City,1–2,Bournemouth
2017-10-21,Newcastle Utd,1–0,Crystal Palace
2017-10-21,Southampton,1–0,West Brom
2017-10-22,Everton,2–5,Arsenal
2017-10-22,Tottenham,4–1,Liverpool
2017-10-28,Manchester Utd,1–0,Tottenham
2017-10-28,Arsenal,2–1,Swansea City
2017-10-28,Crystal Palace,2–2,West Ham
2017-10-28,Watford,0–1,Stoke City
2017-10-28,Liverpool,3–0,Huddersfield
2017-10-28,West Brom,2–3,Manchester City
2017-10-28,Bournemouth,0–1,Chelsea
2017-10-29,Brighton,1–1,Southampton
2017-10-29,Leicester City,2–0,Everton
2017-10-30,Burnley,1–0,Newcastle Utd
2017-11-04,Stoke City,2–2,Leicester City
2017-11-04,Southampton,0–1,Burnley
2017-11-04,Swansea City,0–1,Brighton
2017-11-04,Huddersfield,1–0,West Brom
2017-11-04,Newcastle Utd,0–1,Bournemouth
2017-11-04,West Ham,1–4,Liverpool
2017-11-05,Tottenham,1–0,Crystal Palace
2017-11-05,Manchester City,3–1,Arsenal
2017-11-05,Everton,3–2,Watford
2017-11-05,Chelsea,1–0,Manchester Utd
2017-11-18,Arsenal,2–0,Tottenham
2017-11-18,West Brom,0–4,Chelsea
2017-11-18,Bournemouth,4–0,Huddersfield
2017-11-18,Liverpool,3–0,Southampton
2017-11-18,Burnley,2–0,Swansea City
2017-11-18,Crystal Palace,2–2,Everton
2017-11-18,Leicester City,0–2,Manchester City
2017-11-18,Manchester Utd,4–1,Newcastle Utd
2017-11-19,Watford,2–0,West Ham
2017-11-20,Brighton,2–2,Stoke City
2017-11-24,West Ham,1–1,Leicester City
2017-11-25,Tottenham,1–1,West Brom
2017-11-25,Manchester Utd,1–0,Brighton
2017-11-25,Swansea City,0–0,Bournemouth
2017-11-25,Crystal Palace,2–1,Stoke City
2017-11-25,Newcastle Utd,0–3,Watford
2017-11-25,Liverpool,1–1,Chelsea
2017-11-26,Southampton,4–1,Everton
2017-11-26,Burnley,0–1,Arsenal
2017-11-26,Huddersfield,1–2,Manchester City
2017-11-28,Brighton,0–0,Crystal Palace
2017-11-28,Leicester City,2–1,Tottenham
2017-11-28,Watford,2–4,Manchester Utd
2017-11-28,West Brom,2–2,Newcastle Utd
2017-11-29,Chelsea,1–0,Swansea City
2017-11-29,Bournemouth,1–2,Burnley
2017-11-29,Arsenal,5–0,Huddersfield
2017-11-29,Stoke City,0–3,Liverpool
2017-11-29,Everton,4–0,West Ham
2017-11-29,Manchester City,2–1,Southampton
2017-12-02,Chelsea,3–1,Newcastle Utd
2017-12-02,Watford,1–1,Tottenham
2017-12-02,West Brom,0–0,Crystal Palace
2017-12-02,Stoke City,2–1,Swansea City
2017-12-02,Brighton,1–5,Liverpool
2017-12-02,Everton,2–0,Huddersfield
2017-12-02,Leicester City,1–0,Burnley
2017-12-02,Arsenal,1–3,Manchester Utd
2017-12-03,Bournemouth,1–1,Southampton
2017-12-03,Manchester City,2–1,West Ham
2017-12-09,West Ham,1–0,Chelsea
2017-12-09,Huddersfield,2–0,Brighton
2017-12-09,Crystal Palace,2–2,Bournemouth
2017-12-09,Tottenham,5–1,Stoke City
2017-12-09,Burnley,1–0,Watford
2017-12-09,Swansea City,1–0,West Brom
2017-12-09,Newcastle Utd,2–3,Leicester City
2017-12-10,Southampton,1–1,Arsenal
2017-12-10,Liverpool,1–1,Everton
2017-12-10,Manchester Utd,1–2,Manchester City
2017-12-12,Burnley,1–0,Stoke City
2017-12-12,Crystal Palace,2–1,Watford
2017-12-12,Huddersfield,1–3,Chelsea
2017-12-13,Newcastle Utd,0–1,Everton
2017-12-13,Southampton,1–4,Leicester City
2017-12-13,Swansea City,0–4,Manchester City
2017-12-13,Liverpool,0–0,West Brom
2017-12-13,West Ham,0–0,Arsenal
2017-12-13,Tottenham,2–0,Brighton
2017-12-13,Manchester Utd,1–0,Bournemouth
2017-12-16,Leicester City,0–3,Crystal Palace
2017-12-16,Watford,1–4,Huddersfield
2017-12-16,Arsenal,1–0,Newcastle Utd
2017-12-16,Brighton,0–0,Burnley
2017-12-16,Chelsea,1–0,Southampton
2017-12-16,Stoke City,0–3,West Ham
2017-12-16,Manchester City,4–1,Tottenham
2017-12-17,West Brom,1–2,Manchester Utd
2017-12-17,Bournemouth,0–4,Liverpool
2017-12-18,Everton,3–1,Swansea City
2017-12-22,Arsenal,3–3,Liverpool
2017-12-23,Everton,0–0,Chelsea
2017-12-23,Stoke City,3–1,West Brom
2017-12-23,Brighton,1–0,Watford
2017-12-23,Swansea City,1–1,Crystal Palace
2017-12-23,Southampton,1–1,Huddersfield
2017-12-23,Manchester City,4–0,Bournemouth
2017-12-23,West Ham,2–3,Newcastle Utd
2017-12-23,Burnley,0–3,Tottenham
2017-12-23,Leicester City,2–2,Manchester Utd
2017-12-26,Tottenham,5–2,Southampton
2017-12-26,Bournemouth,3–3,West Ham
2017-12-26,Watford,2–1,Leicester City
2017-12-26,West Brom,0–0,Everton
2017-12-26,Manchester Utd,2–2,Burnley
2017-12-26,Huddersfield,1–1,Stoke City
2017-12-26,Chelsea,2–0,Brighton
2017-12-26,Liverpool,5–0,Swansea City
2017-12-27,Newcastle Utd,0–1,Manchester City
2017-12-28,Crystal Palace,2–3,Arsenal
2017-12-30,Huddersfield,0–0,Burnley
2017-12-30,Chelsea,5–0,Stoke City
2017-12-30,Bournemouth,2–1,Everton
2017-12-30,Liverpool,2–1,Leicester City
2017-12-30,Watford,1–2,Swansea City
2017-12-30,Newcastle Utd,0–0,Brighton
2017-12-30,Manchester Utd,0–0,Southampton
2017-12-31,Crystal Palace,0–0,Manchester City
2017-12-31,West Brom,1–1,Arsenal
2018-01-01,Brighton,2–2,Bournemouth
2018-01-01,Leicester City,3–0,Huddersfield
2018-01-01,Burnley,1–2,Liverpool
2018-01-01,Stoke City,0–1,Newcastle Utd
2018-01-01,Everton,0–2,Manchester Utd
2018-01-02,West Ham,2–1,West Brom
2018-01-02,Swansea City,0–2,Tottenham
2018-01-02,Southampton,1–2,Crystal Palace
2018-01-02,Manchester City,3–1,Watford
2018-01-03,Arsenal,2–2,Chelsea
2018-01-04,Tottenham,1–1,West Ham
2018-01-13,Newcastle Utd,1–1,Swansea City
2018-01-13,Crystal Palace,1–0,Burnley
2018-01-13,Chelsea,0–0,Leicester City
2018-01-13,Huddersfield,1–4,West Ham
2018-01-13,West Brom,2–0,Brighton
2018-01-13,Watford,2–2,Southampton
2018-01-13,Tottenham,4–0,Everton
2018-01-14,Bournemouth,2–1,Arsenal
2018-01-14,Liverpool,4–3,Manchester City
2018-01-15,Manchester Utd,3–0,Stoke City
2018-01-20,Brighton,0–4,Chelsea
2018-01-20,Everton,1–1,West Brom
2018-01-20,Leicester City,2–0,Watford
2018-01-20,Stoke City,2–0,Huddersfield
2018-01-20,Arsenal,4–1,Crystal Palace
2018-01-20,West Ham,1–1,Bournemouth
2018-01-20,Burnley,0–1,Manchester Utd
2018-01-20,Manchester City,3–1,Newcastle Utd
2018-01-21,Southampton,1–1,Tottenham
2018-01-22,Swansea City,1–0,Liverpool
2018-01-30,West Ham,1–1,Crystal Palace
2018-01-30,Swansea City,3–1,Arsenal
2018-01-30,Huddersfield,0–3,Liverpool
2018-01-31,Southampton,1–1,Brighton
2018-01-31,Chelsea,0–3,Bournemouth
2018-01-31,Everton,2–1,Leicester City
2018-01-31,Newcastle Utd,1–1,Burnley
2018-01-31,Stoke City,0–0,Watford
2018-01-31,Manchester City,3–0,West Brom
2018-01-31,Tottenham,2–0,Manchester Utd
2018-02-03,Burnley,1–1,Manchester City
2018-02-03,West Brom,2–3,Southampton
2018-02-03,Bournemouth,2–1,Stoke City
2018-02-03,Manchester Utd,2–0,Huddersfield
2018-02-03,Brighton,3–1,West Ham
2018-02-03,Leicester City,1–1,Swansea City
2018-02-03,Arsenal,5–1,Everton
2018-02-04,Crystal Palace,1–1,Newcastle Utd
2018-02-04,Liverpool,2–2,Tottenham
2018-02-05,Watford,4–1,Chelsea
2018-02-10,Tottenham,1–0,Arsenal
2018-02-10,Everton,3–1,Crystal Palace
2018-02-10,Swansea City,1–0,Burnley
2018-02-10,Stoke City,1–1,Brighton
2018-02-10,West Ham,2–0,Watford
2018-02-10,Manchester City,5–1,Leicester City
2018-02-11,Huddersfield,4–1,Bournemouth
2018-02-11,Newcastle Utd,1–0,Manchester Utd
2018-02-11,Southampton,0–2,Liverpool
2018-02-12,Chelsea,3–0,West Brom
2018-02-24,Leicester City,1–1,Stoke City
2018-02-24,West Brom,1–2,Huddersfield
2018-02-24,Bournemouth,2–2,Newcastle Utd
2018-02-24,Liverpool,4–1,West Ham
2018-02-24,Burnley,1–1,Southampton
2018-02-24,Brighton,4–1,Swansea City
2018-02-24,Watford,1–0,Everton
2018-02-25,Crystal Palace,0–1,Tottenham
2018-02-25,Manchester Utd,2–1,Chelsea
2018-03-01,Arsenal,0–3,Manchester City
2018-03-03,Burnley,2–1,Everton
2018-03-03,Watford,1–0,West Brom
2018-03-03,Swansea City,4–1,West Ham
2018-03-03,Leicester City,1–1,Bournemouth
2018-03-03,Southampton,0–0,Stoke City
2018-03-03,Tottenham,2–0,Huddersfield
2018-03-03,Liverpool,2–0,Newcastle Utd
2018-03-04,Brighton,2–1,Arsenal
2018-03-04,Manchester City,1–0,Chelsea
2018-03-05,Crystal Palace,2–3,Manchester Utd
2018-03-10,Manchester Utd,2–1,Liverpool
2018-03-10,West Ham,0–3,Burnley
2018-03-10,Newcastle Utd,3–0,Southampton
2018-03-10,West Brom,1–4,Leicester City
2018-03-10,Everton,2–0,Brighton
2018-03-10,Huddersfield,0–0,Swansea City
2018-03-10,Chelsea,2–1,Crystal Palace
2018-03-11,Arsenal,3–0,Watford
2018-03-11,Bournemouth,1–4,Tottenham
2018-03-12,Stoke City,0–2,Manchester City
2018-03-17,Stoke City,1–2,Everton
2018-03-17,Bournemouth,2–1,West Brom
2018-03-17,Huddersfield,0–2,Crystal Palace
2018-03-17,Liverpool,5–0,Watford
2018-03-31,Crystal Palace,1–2,Liverpool
2018-03-31,Manchester Utd,2–0,Swansea City
2018-03-31,Brighton,0–2,Leicester City
2018-03-31,West Brom,1–2,Burnley
2018-03-31,West Ham,3–0,Southampton
2018-03-31,Newcastle Utd,1–0,Huddersfield
2018-03-31,Watford,2–2,Bournemouth
2018-03-31,Everton,1–3,Manchester City
2018-04-01,Arsenal,3–0,Stoke City
2018-04-01,Chelsea,1–3,Tottenham
2018-04-07,Everton,0–0,Liverpool
2018-04-07,Stoke City,1–2,Tottenham
2018-04-07,Leicester City,1–2,Newcastle Utd
2018-04-07,Watford,1–2,Burnley
2018-04-07,Brighton,1–1,Huddersfield
2018-04-07,Bournemouth,2–2,Crystal Palace
2018-04-07,West Brom,1–1,Swansea City
2018-04-07,Manchester City,2–3,Manchester Utd
2018-04-08,Arsenal,3–2,Southampton
2018-04-08,Chelsea,1–1,West Ham
2018-04-14,Southampton,2–3,Chelsea
2018-04-14,Crystal Palace,3–2,Brighton
2018-04-14,Huddersfield,1–0,Watford
2018-04-14,Burnley,2–1,Leicester City
2018-04-14,Swansea City,1–1,Everton
2018-04-14,Liverpool,3–0,Bournemouth
2018-04-14,Tottenham,1–3,Manchester City
2018-04-15,Newcastle Utd,2–1,Arsenal
2018-04-15,Manchester Utd,0–1,West Brom
2018-04-16,West Ham,1–1,Stoke City
2018-04-17,Brighton,1–1,Tottenham
2018-04-18,Bournemouth,0–2,Manchester Utd
2018-04-19,Burnley,1–2,Chelsea
2018-04-19,Leicester City,0–0,Southampton
2018-04-21,West Brom,2–2,Liverpool
2018-04-21,Watford,0–0,Crystal Palace
2018-04-22,Arsenal,4–1,West Ham
2018-04-22,Stoke City,1–1,Burnley
2018-04-22,Manchester City,5–0,Swansea City
2018-04-23,Everton,1–0,Newcastle Utd
2018-04-28,Liverpool,0–0,Stoke City
2018-04-28,Newcastle Utd,0–1,West Brom
2018-04-28,Southampton,2–1,Bournemouth
2018-04-28,Huddersfield,0–2,Everton
2018-04-28,Crystal Palace,5–0,Leicester City
2018-04-28,Burnley,0–0,Brighton
2018-04-28,Swansea City,0–1,Chelsea
2018-04-29,West Ham,1–4,Manchester City
2018-04-29,Manchester Utd,2–1,Arsenal
2018-04-30,Tottenham,2–0,Watford
2018-05-04,Brighton,1–0,Manchester Utd
2018-05-05,Stoke City,1–2,Crystal Palace
2018-05-05,Leicester City,0–2,West Ham
2018-05-05,West Brom,1–0,Tottenham
2018-05-05,Bournemouth,1–0,Swansea City
2018-05-05,Watford,2–1,Newcastle Utd
2018-05-05,Everton,1–1,Southampton
2018-05-06,Manchester City,0–0,Huddersfield
2018-05-06,Chelsea,1–0,Liverpool
2018-05-06,Arsenal,5–0,Burnley
2018-05-08,Swansea City,0–1,Southampton
2018-05-09,Leicester City,3–1,Arsenal
2018-05-09,Chelsea,1–1,Huddersfield
2018-05-09,Tottenham,1–0,Newcastle Utd
2018-05-09,Manchester City,3–1,Brighton
2018-05-10,West Ham,0–0,Manchester Utd
2018-05-13,Swansea City,1–2,Stoke City
2018-05-13,Liverpool,4–0,Brighton
2018-05-13,Burnley,1–2,Bournemouth
2018-05-13,Crystal Palace,2–0,West Brom
2018-05-13,West Ham,3–1,Everton
2018-05-13,Huddersfield,0–1,Arsenal
2018-05-13,Newcastle Utd,3–0,Chelsea
2018-05-13,Manchester Utd,1–0,Watford
2018-05-13,Southampton,0–1,Manchester City
2018-05-13,Tottenham,5–4,Leicester City
2018-08-10,Manchester Utd,2–1,Leicester City
2018-08-11,Newcastle Utd,1–2,Tottenham
2018-08-11,Fulham,0–2,Crystal Palace
2018-08-11,Bournemouth,2–0,Cardiff City
2018-08-11,Watford,2–0,Brighton
2018-08-11,Huddersfield,0–3,Chelsea
2018-08-11,Wolves,2–2,Everton
2018-08-12,Southampton,0–0,Burnley
2018-08-12,Liverpool,4–0,West Ham
2018-08-12,Arsenal,0–2,Manchester City
2018-08-18,Cardiff City,0–0,Newcastle Utd
2018-08-18,West Ham,1–2,Bournemouth
2018-08-18,Everton,2–1,Southampton
2018-08-18,Leicester City,2–0,Wolves
2018-08-18,Tottenham,3–1,Fulham
2018-08-18,Chelsea,3–2,Arsenal
2018-08-19,Burnley,1–3,Watford
2018-08-19,Manchester City,6–1,Huddersfield
2018-08-19,Brighton,3–2,Manchester Utd
2018-08-20,Crystal Palace,0–2,Liverpool
2018-08-25,Wolves,1–1,Manchester City
2018-08-25,Arsenal,3–1,West Ham
2018-08-25,Southampton,1–2,Leicester City
2018-08-25,Huddersfield,0–0,Cardiff City
2018-08-25,Bournemouth,2–2,Everton
2018-08-25,Liverpool,1–0,Brighton
2018-08-26,Watford,2–1,Crystal Palace
2018-08-26,Fulham,4–2,Burnley
2018-08-26,Newcastle Utd,1–2,Chelsea
2018-08-27,Manchester Utd,0–3,Tottenham
2018-09-01,Leicester City,1–2,Liverpool
2018-09-01,Crystal Palace,0–2,Southampton
2018-09-01,Brighton,2–2,Fulham
2018-09-01,Chelsea,2–0,Bournemouth
2018-09-01,Everton,1–1,Huddersfield
2018-09-01,West Ham,0–1,Wolves
2018-09-01,Manchester City,2–1,Newcastle Utd
2018-09-02,Cardiff City,2–3,Arsenal
2018-09-02,Watford,2–1,Tottenham
2018-09-02,Burnley,0–2,Manchester Utd
2018-09-15,Tottenham,1–2,Liverpool
2018-09-15,Manchester City,3–0,Fulham
2018-09-15,Huddersfield,0–1,Crystal Palace
2018-09-15,Newcastle Utd,1–2,Arsenal
2018-09-15,Bournemouth,4–2,Leicester City
2018-09-15,Chelsea,4–1,Cardiff City
2018-09-15,Watford,1–2,Manchester Utd
2018-09-16,Wolves,1–0,Burnley
2018-09-16,Everton,1–3,West Ham
2018-09-17,Southampton,2–2,Brighton
2018-09-22,Fulham,1–1,Watford
2018-09-22,Crystal Palace,0–0,Newcastle Utd
2018-09-22,Cardiff City,0–5,Manchester City
2018-09-22,Liverpool,3–0,Southampton
2018-09-22,Burnley,4–0,Bournemouth
2018-09-22,Manchester Utd,1–1,Wolves
2018-09-22,Leicester City,3–1,Huddersfield
2018-09-22,Brighton,1–2,Tottenham
2018-09-23,West Ham,0–0,Chelsea
2018-09-23,Arsenal,2–0,Everton
2018-09-29,West Ham,3–1,Manchester Utd
2018-09-29,Newcastle Utd,0–2,Leicester City
2018-09-29,Everton,3–0,Fulham
2018-09-29,Wolves,2–0,Southampton
2018-09-29,Arsenal,2–0,Watford
2018-09-29,Manchester City,2–0,Brighton
2018-09-29,Huddersfield,0–2,Tottenham
2018-09-29,Chelsea,1–1,Liverpool
2018-09-30,Cardiff City,1–2,Burnley
2018-10-01,Bournemouth,2–1,Crystal Palace
2018-10-05,Brighton,1–0,West Ham
2018-10-06,Leicester City,1–2,Everton
2018-10-06,Burnley,1–1,Huddersfield
2018-10-06,Tottenham,1–0,Cardiff City
2018-10-06,Watford,0–4,Bournemouth
2018-10-06,Crystal Palace,0–1,Wolves
2018-10-06,Manchester Utd,3–2,Newcastle Utd
2018-10-07,Fulham,1–5,Arsenal
2018-10-07,Southampton,0–3,Chelsea
2018-10-07,Liverpool,0–0,Manchester City
2018-10-20,Chelsea,2–2,Manchester Utd
2018-10-20,Bournemouth,0–0,Southampton
2018-10-20,Manchester City,5–0,Burnley
2018-10-20,West Ham,0–1,Tottenham
2018-10-20,Newcastle Utd,0–1,Brighton
2018-10-20,Wolves,0–2,Watford
2018-10-20,Cardiff City,4–2,Fulham
2018-10-20,Huddersfield,0–1,Liverpool
2018-10-21,Everton,2–0,Crystal Palace
2018-10-22,Arsenal,3–1,Leicester City
2018-10-27,Brighton,1–0,Wolves
2018-10-27,Southampton,0–0,Newcastle Utd
2018-10-27,Fulham,0–3,Bournemouth
2018-10-27,Liverpool,4–1,Cardiff City
2018-10-27,Watford,3–0,Huddersfield
2018-10-27,Leicester City,1–1,West Ham
2018-10-28,Burnley,0–4,Chelsea
2018-10-28,Crystal Palace,2–2,Arsenal
2018-10-28,Manchester Utd,2–1,Everton
2018-10-29,Tottenham,0–1,Manchester City
2018-11-03,Bournemouth,1–2,Manchester Utd
2018-11-03,Cardiff City,0–1,Leicester City
2018-11-03,Everton,3–1,Brighton
2018-11-03,Newcastle Utd,1–0,Watford
2018-11-03,West Ham,4–2,Burnley
2018-11-03,Arsenal,1–1,Liverpool
2018-11-03,Wolves,2–3,Tottenham
2018-11-04,Manchester City,6–1,Southampton
2018-11-04,Chelsea,3–1,Crystal Palace
2018-11-05,Huddersfield,1–0,Fulham
2018-11-10,Cardiff City,2–1,Brighton
2018-11-10,Newcastle Utd,2–1,Bournemouth
2018-11-10,Huddersfield,1–1,West Ham
2018-11-10,Leicester City,0–0,Burnley
2018-11-10,Southampton,1–1,Watford
2018-11-10,Crystal Palace,0–1,Tottenham
2018-11-11,Liverpool,2–0,Fulham
2018-11-11,Chelsea,0–0,Everton
2018-11-11,Arsenal,1–1,Wolves
2018-11-11,Manchester City,3–1,Manchester Utd
2018-11-24,Manchester Utd,0–0,Crystal Palace
2018-11-24,Fulham,3–2,Southampton
2018-11-24,West Ham,0–4,Manchester City
2018-11-24,Brighton,1–1,Leicester City
2018-11-24,Everton,1–0,Cardiff City
2018-11-24,Watford,0–3,Liverpool
2018-11-24,Tottenham,3–1,Chelsea
2018-11-25,Bournemouth,1–2,Arsenal
2018-11-25,Wolves,0–2,Huddersfield
2018-11-26,Burnley,1–2,Newcastle Utd
2018-11-30,Cardiff City,2–1,Wolves
2018-12-01,Newcastle Utd,0–3,West Ham
2018-12-01,Crystal Palace,2–0,Burnley
2018-12-01,Huddersfield,1–2,Brighton
2018-12-01,Leicester City,2–0,Watford
2018-12-01,Manchester City,3–1,Bournemouth
2018-12-01,Southampton,2–2,Manchester Utd
2018-12-02,Chelsea,2–0,Fulham
2018-12-02,Arsenal,4–2,Tottenham
2018-12-02,Liverpool,1–0,Everton
2018-12-04,West Ham,3–1,Cardiff City
2018-12-04,Brighton,3–1,Crystal Palace
2018-12-04,Bournemouth,2–1,Huddersfield
2018-12-04,Watford,1–2,Manchester City
2018-12-05,Wolves,2–1,Chelsea
2018-12-05,Fulham,1–1,Leicester City
2018-12-05,Burnley,1–3,Liverpool
2018-12-05,Everton,1–1,Newcastle Utd
2018-12-05,Manchester Utd,2–2,Arsenal
2018-12-05,Tottenham,3–1,Southampton
2018-12-08,Bournemouth,0–4,Liverpool
2018-12-08,West Ham,3–2,Crystal Palace
2018-12-08,Manchester Utd,4–1,Fulham
2018-12-08,Burnley,1–0,Brighton
2018-12-08,Cardiff City,1–0,Southampton
2018-12-08,Arsenal,1–0,Huddersfield
2018-12-08,Chelsea,2–0,Manchester City
2018-12-08,Leicester City,0–2,Tottenham
2018-12-09,Newcastle Utd,1–2,Wolves
2018-12-10,Everton,2–2,Watford
2018-12-15,Manchester City,3–1,Everton
2018-12-15,Watford,3–2,Cardiff City
2018-12-15,Tottenham,1–0,Burnley
2018-12-15,Huddersfield,0–1,Newcastle Utd
2018-12-15,Crystal Palace,1–0,Leicester City
2018-12-15,Wolves,2–0,Bournemouth
2018-12-15,Fulham,0–2,West Ham
2018-12-16,Southampton,3–2,Arsenal
2018-12-16,Brighton,1–2,Chelsea
2018-12-16,Liverpool,3–1,Manchester Utd
2018-12-21,Wolves,0–2,Liverpool
2018-12-22,Arsenal,3–1,Burnley
2018-12-22,Bournemouth,2–0,Brighton
2018-12-22,Manchester City,2–3,Crystal Palace
2018-12-22,West Ham,0–2,Watford
2018-12-22,Huddersfield,1–3,Southampton
2018-12-22,Chelsea,0–1,Leicester City
2018-12-22,Newcastle Utd,0–0,Fulham
2018-12-22,Cardiff City,1–5,Manchester Utd
2018-12-23,Everton,2–6,Tottenham
2018-12-26,Fulham,1–1,Wolves
2018-12-26,Burnley,1–5,Everton
2018-12-26,Manchester Utd,3–1,Huddersfield
2018-12-26,Liverpool,4–0,Newcastle Utd
2018-12-26,Leicester City,2–1,Manchester City
2018-12-26,Tottenham,5–0,Bournemouth
2018-12-26,Crystal Palace,0–0,Cardiff City
2018-12-26,Brighton,1–1,Arsenal
2018-12-26,Watford,1–2,Chelsea
2018-12-27,Southampton,1–2,West Ham
2018-12-29,Watford,1–1,Newcastle Utd
2018-12-29,Fulham,1–0,Huddersfield
2018-12-29,Brighton,1–0,Everton
2018-12-29,Leicester City,0–1,Cardiff City
2018-12-29,Tottenham,1–3,Wolves
2018-12-29,Liverpool,5–1,Arsenal
2018-12-30,Crystal Palace,0–1,Chelsea
2018-12-30,Southampton,1–3,Manchester City
2018-12-30,Burnley,2–0,West Ham
2018-12-30,Manchester Utd,4–1,Bournemouth
2019-01-01,Everton,0–1,Leicester City
2019-01-01,Arsenal,4–1,Fulham
2019-01-01,Cardiff City,0–3,Tottenham
2019-01-02,Wolves,0–2,Crystal Palace
2019-01-02,West Ham,2–2,Brighton
2019-01-02,Bournemouth,3–3,Watford
2019-01-02,Chelsea,0–0,Southampton
2019-01-02,Huddersfield,1–2,Burnley
2019-01-02,Newcastle Utd,0–2,Manchester Utd
2019-01-03,Manchester City,2–1,Liverpool
2019-01-12,West Ham,1–0,Arsenal
2019-01-12,Burnley,2–1,Fulham
2019-01-12,Brighton,0–1,Liverpool
2019-01-12,Crystal Palace,1–2,Watford
2019-01-12,Cardiff City,0–0,Huddersfield
2019-01-12,Leicester City,1–2,Southampton
2019-01-12,Chelsea,2–1,Newcastle Utd
2019-01-13,Everton,2–0,Bournemouth
2019-01-13,Tottenham,0–1,Manchester Utd
2019-01-14,Manchester City,3–0,Wolves
2019-01-19,Wolves,4–3,Leicester City
2019-01-19,Bournemouth,2–0,West Ham
2019-01-19,Newcastle Utd,3–0,Cardiff City
2019-01-19,Manchester Utd,2–1,Brighton
2019-01-19,Southampton,2–1,Everton
2019-01-19,Liverpool,4–3,Crystal Palace
2019-01-19,Watford,0–0,Burnley
2019-01-19,Arsenal,2–0,Chelsea
2019-01-20,Huddersfield,0–3,Manchester City
2019-01-20,Fulham,1–2,Tottenham
2019-01-29,Fulham,4–2,Brighton
2019-01-29,Huddersfield,0–1,Everton
2019-01-29,Wolves,3–0,West Ham
2019-01-29,Arsenal,2–1,Cardiff City
2019-01-29,Newcastle Utd,2–1,Manchester City
2019-01-29,Manchester Utd,2–2,Burnley
2019-01-30,Bournemouth,4–0,Chelsea
2019-01-30,Southampton,1–1,Crystal Palace
2019-01-30,Tottenham,2–1,Watford
2019-01-30,Liverpool,1–1,Leicester City
2019-02-02,Tottenham,1–0,Newcastle Utd
2019-02-02,Brighton,0–0,Watford
2019-02-02,Chelsea,5–0,Huddersfield
2019-02-02,Everton,1–3,Wolves
2019-02-02,Burnley,1–1,Southampton
2019-02-02,Crystal Palace,2–0,Fulham
2019-02-02,Cardiff City,2–0,Bournemouth
2019-02-03,Leicester City,0–1,Manchester Utd
2019-02-03,Manchester City,3–1,Arsenal
2019-02-04,West Ham,1–1,Liverpool
2019-02-06,Everton,0–2,Manchester City
2019-02-09,Fulham,0–3,Manchester Utd
2019-02-09,Crystal Palace,1–1,West Ham
2019-02-09,Liverpool,3–0,Bournemouth
2019-02-09,Southampton,1–2,Cardiff City
2019-02-09,Watford,1–0,Everton
2019-02-09,Huddersfield,1–2,Arsenal
2019-02-09,Brighton,1–3,Burnley
2019-02-10,Tottenham,3–1,Leicester City
2019-02-10,Manchester City,6–0,Chelsea
2019-02-11,Wolves,1–1,Newcastle Utd
2019-02-22,West Ham,3–1,Fulham
2019-02-22,Cardiff City,1–5,Watford
2019-02-23,Burnley,2–1,Tottenham
2019-02-23,Bournemouth,1–1,Wolves
2019-02-23,Newcastle Utd,2–0,Huddersfield
2019-02-23,Leicester City,1–4,Crystal Palace
2019-02-24,Arsenal,2–0,Southampton
2019-02-24,Manchester Utd,0–0,Liverpool
2019-02-26,Cardiff City,0–3,Everton
2019-02-26,Huddersfield,1–0,Wolves
2019-02-26,Leicester City,2–1,Brighton
2019-02-26,Newcastle Utd,2–0,Burnley
2019-02-27,Arsenal,5–1,Bournemouth
2019-02-27,Southampton,2–0,Fulham
2019-02-27,Crystal Palace,1–3,Manchester Utd
2019-02-27,Chelsea,2–0,Tottenham
2019-02-27,Liverpool,5–0,Watford
2019-02-27,Manchester City,1–0,West Ham
2019-03-02,Tottenham,1–1,Arsenal
2019-03-02,Manchester Utd,3–2,Southampton
2019-03-02,Wolves,2–0,Cardiff City
2019-03-02,Bournemouth,0–1,Manchester City
2019-03-02,Brighton,1–0,Huddersfield
2019-03-02,Burnley,1–3,Crystal Palace
2019-03-02,West Ham,2–0,Newcastle Utd
2019-03-03,Watford,2–1,Leicester City
2019-03-03,Fulham,1–2,Chelsea
2019-03-03,Everton,0–0,Liverpool
2019-03-09,Crystal Palace,1–2,Brighton
2019-03-09,Newcastle Utd,3–2,Everton
2019-03-09,Cardiff City,2–0,West Ham
2019-03-09,Huddersfield,0–2,Bournemouth
2019-03-09,Leicester City,3–1,Fulham
2019-03-09,Southampton,2–1,Tottenham
2019-03-09,Manchester City,3–1,Watford
2019-03-10,Liverpool,4–2,Burnley
2019-03-10,Chelsea,1–1,Wolves
2019-03-10,Arsenal,2–0,Manchester Utd
2019-03-16,West Ham,4–3,Huddersfield
2019-03-16,Burnley,1–2,Leicester City
2019-03-16,Bournemouth,2–2,Newcastle Utd
2019-03-17,Fulham,1–2,Liverpool
2019-03-17,Everton,2–0,Chelsea
2019-03-30,Fulham,0–2,Manchester City
2019-03-30,Burnley,2–0,Wolves
2019-03-30,Crystal Palace,2–0,Huddersfield
2019-03-30,Leicester City,2–0,Bournemouth
2019-03-30,Brighton,0–1,Southampton
2019-03-30,Manchester Utd,2–1,Watford
2019-03-30,West Ham,0–2,Everton
2019-03-31,Cardiff City,1–2,Chelsea
2019-03-31,Liverpool,2–1,Tottenham
2019-04-01,Arsenal,2–0,Newcastle Utd
2019-04-02,Wolves,2–1,Manchester Utd
2019-04-02,Watford,4–1,Fulham
2019-04-03,Chelsea,3–0,Brighton
2019-04-03,Tottenham,2–0,Crystal Palace
2019-04-03,Manchester City,2–0,Cardiff City
2019-04-05,Southampton,1–3,Liverpool
2019-04-06,Huddersfield,1–4,Leicester City
2019-04-06,Bournemouth,1–3,Burnley
2019-04-06,Newcastle Utd,0–1,Crystal Palace
2019-04-07,Everton,1–0,Arsenal
2019-04-08,Chelsea,2–0,West Ham
2019-04-12,Leicester City,0–1,Newcastle Utd
2019-04-13,Tottenham,4–0,Huddersfield
2019-04-13,Burnley,2–0,Cardiff City
2019-04-13,Fulham,2–0,Everton
2019-04-13,Southampton,3–1,Wolves
2019-04-13,Brighton,0–5,Bournemouth
2019-04-13,Manchester Utd,2–1,West Ham
2019-04-14,Crystal Palace,1–3,Manchester City
2019-04-14,Liverpool,2–0,Chelsea
2019-04-15,Watford,0–1,Arsenal
2019-04-16,Brighton,0–2,Cardiff City
2019-04-20,Manchester City,1–0,Tottenham
2019-04-20,West Ham,2–2,Leicester City
2019-04-20,Bournemouth,0–1,Fulham
2019-04-20,Huddersfield,1–2,Watford
2019-04-20,Wolves,0–0,Brighton
2019-04-20,Newcastle Utd,3–1,Southampton
2019-04-21,Everton,4–0,Manchester Utd
2019-04-21,Arsenal,2–3,Crystal Palace
2019-04-21,Cardiff City,0–2,Liverpool
2019-04-22,Chelsea,2–2,Burnley
2019-04-23,Watford,1–1,Southampton
2019-04-23,Tottenham,1–0,Brighton
2019-04-24,Wolves,3–1,Arsenal
2019-04-24,Manchester Utd,0–2,Manchester City
2019-04-26,Liverpool,5–0,Huddersfield
2019-04-27,Tottenham,0–1,West Ham
2019-04-27,Watford,1–2,Wolves
2019-04-27,Fulham,1–0,Cardiff City
2019-04-27,Southampton,3–3,Bournemouth
2019-04-27,Crystal Palace,0–0,Everton
2019-04-27,Brighton,1–1,Newcastle Utd
2019-04-28,Leicester City,3–0,Arsenal
2019-04-28,Burnley,0–1,Manchester City
2019-04-28,Manchester Utd,1–1,Chelsea
2019-05-03,Everton,2–0,Burnley
2019-05-04,Bournemouth,1–0,Tottenham
2019-05-04,Wolves,1–0,Fulham
2019-05-04,West Ham,3–0,Southampton
2019-05-04,Cardiff City,2–3,Crystal Palace
2019-05-04,Newcastle Utd,2–3,Liverpool
2019-05-05,Huddersfield,1–1,Manchester Utd
2019-05-05,Chelsea,3–0,Watford
2019-05-05,Arsenal,1–1,Brighton
2019-05-06,Manchester City,1–0,Leicester City
2019-05-12,Southampton,1–1,Huddersfield
2019-05-12,Brighton,1–4,Manchester City
2019-05-12,Leicester City,0–0,Chelsea
2019-05-12,Crystal Palace,5–3,Bournemouth
2019-05-12,Burnley,1–3,Arsenal
2019-05-12,Tottenham,2–2,Everton
2019-05-12,Liverpool,2–0,Wolves
2019-05-12,Manchester Utd,0–2,Cardiff City
2019-05-12,Fulham,0–4,Newcastle Utd
2019-05-12,Watford,1–4,West Ham
2019-08-09,Liverpool,4–1,Norwich City
2019-08-10,West Ham,0–5,Manchester City
2019-08-10,Burnley,3–0,Southampton
2019-08-10,Watford,0–3,Brighton
2019-08-10,Crystal Palace,0–0,Everton
2019-08-10,Bournemouth,1–1,Sheffield Utd
2019-08-10,Tottenham,3–1,Aston Villa
2019-08-11,Newcastle Utd,0–1,Arsenal
2019-08-11,Leicester City,0–0,Wolves
2019-08-11,Manchester Utd,4–0,Chelsea
2019-08-17,Arsenal,2–1,Burnley
2019-08-17,Norwich City,3–1,Newcastle Utd
2019-08-17,Aston Villa,1–2,Bournemouth
2019-08-17,Brighton,1–1,West Ham
2019-08-17,Southampton,1–2,Liverpool
2019-08-17,Everton,1–0,Watford
2019-08-17,Manchester City,2–2,Tottenham
2019-08-18,Sheffield Utd,1–0,Crystal Palace
2019-08-18,Chelsea,1–1,Leicester City
2019-08-19,Wolves,1–1,Manchester Utd
2019-08-23,Aston Villa,2–0,Everton
2019-08-24,Norwich City,2–3,Chelsea
2019-08-24,Sheffield Utd,1–2,Leicester City
2019-08-24,Manchester Utd,1–2,Crystal Palace
2019-08-24,Watford,1–3,West Ham
2019-08-24,Brighton,0–2,Southampton
2019-08-24,Liverpool,3–1,Arsenal
2019-08-25,Bournemouth,1–3,Manchester City
2019-08-25,Wolves,1–1,Burnley
2019-08-25,Tottenham,0–1,Newcastle Utd
2019-08-31,Southampton,1–1,Manchester Utd
2019-08-31,West Ham,2–0,Norwich City
2019-08-31,Crystal Palace,1–0,Aston Villa
2019-08-31,Leicester City,3–1,Bournemouth
2019-08-31,Chelsea,2–2,Sheffield Utd
2019-08-31,Newcastle Utd,1–1,Watford
2019-08-31,Manchester City,4–0,Brighton
2019-08-31,Burnley,0–3,Liverpool
2019-09-01,Everton,3–2,Wolves
2019-09-01,Arsenal,2–2,Tottenham
2019-09-14,Liverpool,3–1,Newcastle Utd
2019-09-14,Wolves,2–5,Chelsea
2019-09-14,Brighton,1–1,Burnley
2019-09-14,Tottenham,4–0,Crystal Palace
2019-09-14,Manchester Utd,1–0,Leicester City
2019-09-14,Sheffield Utd,0–1,Southampton
2019-09-14,Norwich City,3–2,Manchester City
2019-09-15,Bournemouth,3–1,Everton
2019-09-15,Watford,2–2,Arsenal
2019-09-16,Aston Villa,0–0,West Ham
2019-09-20,Southampton,1–3,Bournemouth
2019-09-21,Leicester City,2–1,Tottenham
2019-09-21,Manchester City,8–0,Watford
2019-09-21,Everton,0–2,Sheffield Utd
2019-09-21,Burnley,2–0,Norwich City
2019-09-21,Newcastle Utd,0–0,Brighton
2019-09-22,Crystal Palace,1–1,Wolves
2019-09-22,West Ham,2–0,Manchester Utd
2019-09-22,Chelsea,1–2,Liverpool
2019-09-22,Arsenal,3–2,Aston Villa
2019-09-28,Sheffield Utd,0–1,Liverpool
2019-09-28,Chelsea,2–0,Brighton
2019-09-28,Tottenham,2–1,Southampton
2019-09-28,Aston Villa,2–2,Burnley
2019-09-28,Crystal Palace,2–0,Norwich City
2019-09-28,Wolves,2–0,Watford
2019-09-28,Bournemouth,2–2,West Ham
2019-09-28,Everton,1–3,Manchester City
2019-09-29,Leicester City,5–0,Newcastle Utd
2019-09-30,Manchester Utd,1–1,Arsenal
2019-10-05,Brighton,3–0,Tottenham
2019-10-05,Watford,0–0,Sheffield Utd
2019-10-05,Burnley,1–0,Everton
2019-10-05,Liverpool,2–1,Leicester City
2019-10-05,Norwich City,1–5,Aston Villa
2019-10-05,West Ham,1–2,Crystal Palace
2019-10-06,Manchester City,0–2,Wolves
2019-10-06,Southampton,1–4,Chelsea
2019-10-06,Arsenal,1–0,Bournemouth
2019-10-06,Newcastle Utd,1–0,Manchester Utd
2019-10-19,Everton,2–0,West Ham
2019-10-19,Aston Villa,2–1,Brighton
2019-10-19,Leicester City,2–1,Burnley
2019-10-19,Tottenham,1–1,Watford
2019-10-19,Wolves,1–1,Southampton
2019-10-19,Chelsea,1–0,Newcastle Utd
2019-10-19,Bournemouth,0–0,Norwich City
2019-10-19,Crystal Palace,0–2,Manchester City
2019-10-20,Manchester Utd,1–1,Liverpool
2019-10-21,Sheffield Utd,1–0,Arsenal
2019-10-25,Southampton,0–9,Leicester City
2019-10-26,Manchester City,3–0,Aston Villa
2019-10-26,Watford,0–0,Bournemouth
2019-10-26,West Ham,1–1,Sheffield Utd
2019-10-26,Brighton,3–2,Everton
2019-10-26,Burnley,2–4,Chelsea
2019-10-27,Newcastle Utd,1–1,Wolves
2019-10-27,Arsenal,2–2,Crystal Palace
2019-10-27,Liverpool,2–1,Tottenham
2019-10-27,Norwich City,1–3,Manchester Utd
2019-11-02,Bournemouth,1–0,Manchester Utd
2019-11-02,Sheffield Utd,3–0,Burnley
2019-11-02,Brighton,2–0,Norwich City
2019-11-02,Aston Villa,1–2,Liverpool
2019-11-02,Arsenal,1–1,Wolves
2019-11-02,West Ham,2–3,Newcastle Utd
2019-11-02,Manchester City,2–1,Southampton
2019-11-02,Watford,1–2,Chelsea
2019-11-03,Crystal Palace,0–2,Leicester City
2019-11-03,Everton,1–1,Tottenham
2019-11-08,Norwich City,0–2,Watford
2019-11-09,Chelsea,2–0,Crystal Palace
2019-11-09,Southampton,1–2,Everton
2019-11-09,Burnley,3–0,West Ham
2019-11-09,Newcastle Utd,2–1,Bournemouth
2019-11-09,Tottenham,1–1,Sheffield Utd
2019-11-09,Leicester City,2–0,Arsenal
2019-11-10,Manchester Utd,3–1,Brighton
2019-11-10,Wolves,2–1,Aston Villa
2019-11-10,Liverpool,3–1,Manchester City
2019-11-23,West Ham,2–3,Tottenham
2019-11-23,Crystal Palace,1–2,Liverpool
2019-11-23,Arsenal,2–2,Southampton
2019-11-23,Bournemouth,1–2,Wolves
2019-11-23,Everton,0–2,Norwich City
2019-11-23,Brighton,0–2,Leicester City
2019-11-23,Watford,0–3,Burnley
2019-11-23,Manchester City,2–1,Chelsea
2019-11-24,Sheffield Utd,3–3,Manchester Utd
2019-11-25,Aston Villa,2–0,Newcastle Utd
2019-11-30,Newcastle Utd,2–2,Manchester City
2019-11-30,Tottenham,3–2,Bournemouth
2019-11-30,Liverpool,2–1,Brighton
2019-11-30,Burnley,0–2,Crystal Palace
2019-11-30,Chelsea,0–1,West Ham
2019-11-30,Southampton,2–1,Watford
2019-12-01,Norwich City,2–2,Arsenal
2019-12-01,Wolves,1–1,Sheffield Utd
2019-12-01,Leicester City,2–1,Everton
2019-12-01,Manchester Utd,2–2,Aston Villa
2019-12-03,Crystal Palace,1–0,Bournemouth
2019-12-03,Burnley,1–4,Manchester City
2019-12-04,Wolves,2–0,West Ham
2019-12-04,Southampton,2–1,Norwich City
2019-12-04,Chelsea,2–1,Aston Villa
2019-12-04,Manchester Utd,2–1,Tottenham
2019-12-04,Leicester City,2–0,Watford
2019-12-04,Liverpool,5–2,Everton
2019-12-05,Sheffield Utd,0–2,Newcastle Utd
2019-12-05,Arsenal,1–2,Brighton
2019-12-07,Everton,3–1,Chelsea
2019-12-07,Tottenham,5–0,Burnley
2019-12-07,Watford,0–0,Crystal Palace
2019-12-07,Bournemouth,0–3,Liverpool
2019-12-07,Manchester City,1–2,Manchester Utd
2019-12-08,Norwich City,1–2,Sheffield Utd
2019-12-08,Aston Villa,1–4,Leicester City
2019-12-08,Newcastle Utd,2–1,Southampton
2019-12-08,Brighton,2–2,Wolves
2019-12-09,West Ham,1–3,Arsenal
2019-12-14,Liverpool,2–0,Watford
2019-12-14,Leicester City,1–1,Norwich City
2019-12-14,Burnley,1–0,Newcastle Utd
2019-12-14,Sheffield Utd,2–0,Aston Villa
2019-12-14,Chelsea,0–1,Bournemouth
2019-12-14,Southampton,0–1,West Ham
2019-12-15,Manchester Utd,1–1,Everton
2019-12-15,Wolves,1–2,Tottenham
2019-12-15,Arsenal,0–3,Manchester City
2019-12-16,Crystal Palace,1–1,Brighton
2019-12-21,Everton,0–0,Arsenal
2019-12-21,Norwich City,1–2,Wolves
2019-12-21,Brighton,0–1,Sheffield Utd
2019-12-21,Newcastle Utd,1–0,Crystal Palace
2019-12-21,Aston Villa,1–3,Southampton
2019-12-21,Bournemouth,0–1,Burnley
2019-12-21,Manchester City,3–1,Leicester City
2019-12-22,Watford,2–0,Manchester Utd
2019-12-22,Tottenham,0–2,Chelsea
2019-12-26,Tottenham,2–1,Brighton
2019-12-26,Aston Villa,1–0,Norwich City
2019-12-26,Crystal Palace,2–1,West Ham
2019-12-26,Bournemouth,1–1,Arsenal
2019-12-26,Sheffield Utd,1–1,Watford
2019-12-26,Everton,1–0,Burnley
2019-12-26,Chelsea,0–2,Southampton
2019-12-26,Manchester Utd,4–1,Newcastle Utd
2019-12-26,Leicester City,0–4,Liverpool
2019-12-27,Wolves,3–2,Manchester City
2019-12-28,Brighton,2–0,Bournemouth
2019-12-28,Watford,3–0,Aston Villa
2019-12-28,Newcastle Utd,1–2,Everton
2019-12-28,Southampton,1–1,Crystal Palace
2019-12-28,West Ham,1–2,Leicester City
2019-12-28,Norwich City,2–2,Tottenham
2019-12-28,Burnley,0–2,Manchester Utd
2019-12-29,Arsenal,1–2,Chelsea
2019-12-29,Liverpool,1–0,Wolves
2019-12-29,Manchester City,2–0,Sheffield Utd
2020-01-01,Brighton,1–1,Chelsea
2020-01-01,Burnley,1–2,Aston Villa
2020-01-01,Newcastle Utd,0–3,Leicester City
2020-01-01,Southampton,1–0,Tottenham
2020-01-01,Watford,2–1,Wolves
2020-01-01,Norwich City,1–1,Crystal Palace
2020-01-01,West Ham,4–0,Bournemouth
2020-01-01,Manchester City,2–1,Everton
2020-01-01,Arsenal,2–0,Manchester Utd
2020-01-02,Liverpool,2–0,Sheffield Utd
2020-01-10,Sheffield Utd,1–0,West Ham
2020-01-11,Crystal Palace,1–1,Arsenal
2020-01-11,Chelsea,3–0,Burnley
2020-01-11,Everton,1–0,Brighton
2020-01-11,Leicester City,1–2,Southampton
2020-01-11,Wolves,1–1,Newcastle Utd
2020-01-11,Manchester Utd,4–0,Norwich City
2020-01-11,Tottenham,0–1,Liverpool
2020-01-12,Bournemouth,0–3,Watford
2020-01-12,Aston Villa,1–6,Manchester City
2020-01-18,Watford,0–0,Tottenham
2020-01-18,Arsenal,1–1,Sheffield Utd
2020-01-18,Norwich City,1–0,Bournemouth
2020-01-18,Manchester City,2–2,Crystal Palace
2020-01-18,Southampton,2–3,Wolves
2020-01-18,Brighton,1–1,Aston Villa
2020-01-18,West Ham,1–1,Everton
2020-01-18,Newcastle Utd,1–0,Chelsea
2020-01-19,Burnley,2–1,Leicester City
2020-01-19,Liverpool,2–0,Manchester Utd
2020-01-21,Crystal Palace,0–2,Southampton
2020-01-21,Everton,2–2,Newcastle Utd
2020-01-21,Aston Villa,2–1,Watford
2020-01-21,Sheffield Utd,0–1,Manchester City
2020-01-21,Bournemouth,3–1,Brighton
2020-01-21,Chelsea,2–2,Arsenal
2020-01-22,Leicester City,4–1,West Ham
2020-01-22,Tottenham,2–1,Norwich City
2020-01-22,Manchester Utd,0–2,Burnley
2020-01-23,Wolves,1–2,Liverpool
2020-01-29,West Ham,0–2,Liverpool
2020-02-01,Leicester City,2–2,Chelsea
2020-02-01,West Ham,3–3,Brighton
2020-02-01,Watford,2–3,Everton
2020-02-01,Crystal Palace,0–1,Sheffield Utd
2020-02-01,Liverpool,4–0,Southampton
2020-02-01,Bournemouth,2–1,Aston Villa
2020-02-01,Newcastle Utd,0–0,Norwich City
2020-02-01,Manchester Utd,0–0,Wolves
2020-02-02,Burnley,0–0,Arsenal
2020-02-02,Tottenham,2–0,Manchester City
2020-02-08,Everton,3–1,Crystal Palace
2020-02-08,Brighton,1–1,Watford
2020-02-09,Sheffield Utd,2–1,Bournemouth
2020-02-14,Wolves,0–0,Leicester City
2020-02-15,Southampton,1–2,Burnley
2020-02-15,Norwich City,0–1,Liverpool
2020-02-16,Aston Villa,2–3,Tottenham
2020-02-16,Arsenal,4–0,Newcastle Utd
2020-02-17,Chelsea,0–2,Manchester Utd
2020-02-19,Manchester City,2–0,West Ham
2020-02-22,Chelsea,2–1,Tottenham
2020-02-22,Crystal Palace,1–0,Newcastle Utd
2020-02-22,Southampton,2–0,Aston Villa
2020-02-22,Burnley,3–0,Bournemouth
2020-02-22,Sheffield Utd,1–1,Brighton
2020-02-22,Leicester City,0–1,Manchester City
2020-02-23,Wolves,3–0,Norwich City
2020-02-23,Manchester Utd,3–0,Watford
2020-02-23,Arsenal,3–2,Everton
2020-02-24,Liverpool,3–2,West Ham
2020-02-28,Norwich City,1–0,Leicester City
2020-02-29,Brighton,0–1,Crystal Palace
2020-02-29,West Ham,3–1,Southampton
2020-02-29,Bournemouth,2–2,Chelsea
2020-02-29,Newcastle Utd,0–0,Burnley
2020-02-29,Watford,3–0,Liverpool
2020-03-01,Tottenham,2–3,Wolves
2020-03-01,Everton,1–1,Manchester Utd
2020-03-07,Liverpool,2–1,Bournemouth
2020-03-07,Wolves,0–0,Brighton
2020-03-07,Crystal Palace,1–0,Watford
2020-03-07,Southampton,0–1,Newcastle Utd
2020-03-07,Arsenal,1–0,West Ham
2020-03-07,Sheffield Utd,1–0,Norwich City
2020-03-07,Burnley,1–1,Tottenham
2020-03-08,Chelsea,4–0,Everton
2020-03-08,Manchester Utd,2–0,Manchester City
2020-03-09,Leicester City,4–0,Aston Villa
2020-06-17,Aston Villa,0–0,Sheffield Utd
2020-06-17,Manchester City,3–0,Arsenal
2020-06-19,Norwich City,0–3,Southampton
2020-06-19,Tottenham,1–1,Manchester Utd
2020-06-20,Watford,1–1,Leicester City
2020-06-20,Brighton,2–1,Arsenal
2020-06-20,West Ham,0–2,Wolves
2020-06-20,Bournemouth,0–2,Crystal Palace
2020-06-21,Newcastle Utd,3–0,Sheffield Utd
2020-06-21,Aston Villa,1–2,Chelsea
2020-06-21,Everton,0–0,Liverpool
2020-06-22,Manchester City,5–0,Burnley
2020-06-23,Leicester City,0–0,Brighton
2020-06-23,Tottenham,2–0,West Ham
2020-06-24,Norwich City,0–1,Everton
2020-06-24,Wolves,1–0,Bournemouth
2020-06-24,Manchester Utd,3–0,Sheffield Utd
2020-06-24,Newcastle Utd,1–1,Aston Villa
2020-06-24,Liverpool,4–0,Crystal Palace
2020-06-25,Southampton,0–2,Arsenal
2020-06-25,Burnley,1–0,Watford
2020-06-25,Chelsea,2–1,Manchester City
2020-06-27,Aston Villa,0–1,Wolves
2020-06-28,Watford,1–3,Southampton
2020-06-29,Crystal Palace,0–1,Burnley
2020-06-30,Brighton,0–3,Manchester Utd
2020-07-01,Bournemouth,1–4,Newcastle Utd
2020-07-01,Everton,2–1,Leicester City
2020-07-01,Arsenal,4–0,Norwich City
2020-07-01,West Ham,3–2,Chelsea
2020-07-02,Sheffield Utd,3–1,Tottenham
2020-07-02,Manchester City,4–0,Liverpool
2020-07-04,Norwich City,0–1,Brighton
2020-07-04,Leicester City,3–0,Crystal Palace
2020-07-04,Manchester Utd,5–2,Bournemouth
2020-07-04,Wolves,0–2,Arsenal
2020-07-04,Chelsea,3–0,Watford
2020-07-05,Burnley,1–1,Sheffield Utd
2020-07-05,Newcastle Utd,2–2,West Ham
2020-07-05,Liverpool,2–0,Aston Villa
2020-07-05,Southampton,1–0,Manchester City
2020-07-06,Tottenham,1–0,Everton
2020-07-07,Crystal Palace,2–3,Chelsea
2020-07-07,Watford,2–1,Norwich City
2020-07-07,Arsenal,1–1,Leicester City
2020-07-08,Manchester City,5–0,Newcastle Utd
2020-07-08,West Ham,0–1,Burnley
2020-07-08,Sheffield Utd,1–0,Wolves
2020-07-08,Brighton,1–3,Liverpool
2020-07-09,Everton,1–1,Southampton
2020-07-09,Bournemouth,0–0,Tottenham
2020-07-09,Aston Villa,0–3,Manchester Utd
2020-07-11,Norwich City,0–4,West Ham
2020-07-11,Watford,2–1,Newcastle Utd
2020-07-11,Liverpool,1–1,Burnley
2020-07-11,Sheffield Utd,3–0,Chelsea
2020-07-11,Brighton,0–5,Manchester City
2020-07-12,Wolves,3–0,Everton
2020-07-12,Aston Villa,2–0,Crystal Palace
2020-07-12,Tottenham,2–1,Arsenal
2020-07-12,Bournemouth,4–1,Leicester City
2020-07-13,Manchester Utd,2–2,Southampton
2020-07-14,Chelsea,1–0,Norwich City
2020-07-15,Newcastle Utd,1–3,Tottenham
2020-07-15,Burnley,1–1,Wolves
2020-07-15,Manchester City,2–1,Bournemouth
2020-07-15,Arsenal,2–1,Liverpool
2020-07-16,Leicester City,2–0,Sheffield Utd
2020-07-16,Everton,1–1,Aston Villa
2020-07-16,Crystal Palace,0–2,Manchester Utd
2020-07-16,Southampton,1–1,Brighton
2020-07-17,West Ham,3–1,Watford
2020-07-18,Norwich City,0–2,Burnley
2020-07-19,Bournemouth,0–2,Southampton
2020-07-19,Tottenham,3–0,Leicester City
2020-07-20,Brighton,0–0,Newcastle Utd
2020-07-20,Sheffield Utd,0–1,Everton
2020-07-20,Wolves,2–0,Crystal Palace
2020-07-21,Watford,0–4,Manchester City
2020-07-21,Aston Villa,1–0,Arsenal
2020-07-22,Manchester Utd,1–1,West Ham
2020-07-22,Liverpool,5–3,Chelsea
2020-07-26,Everton,1–3,Bournemouth
2020-07-26,Leicester City,0–2,Manchester Utd
2020-07-26,Southampton,3–1,Sheffield Utd
2020-07-26,Arsenal,3–2,Watford
2020-07-26,Crystal Palace,1–1,Tottenham
2020-07-26,Manchester City,5–0,Norwich City
2020-07-26,Chelsea,2–0,Wolves
2020-07-26,West Ham,1–1,Aston Villa
2020-07-26,Newcastle Utd,1–3,Liverpool
2020-07-26,Burnley,1–2,Brighton
2020-09-12,Fulham,0–3,Arsenal
2020-09-12,Crystal Palace,1–0,Southampton
2020-09-12,Liverpool,4–3,Leeds United
2020-09-12,West Ham,0–2,Newcastle Utd
2020-09-13,West Brom,0–3,Leicester City
2020-09-13,Tottenham,0–1,Everton
2020-09-14,Sheffield Utd,0–2,Wolves
2020-09-14,Brighton,1–3,Chelsea
2020-09-19,Everton,5–2,West Brom
2020-09-19,Leeds United,4–3,Fulham
2020-09-19,Manchester Utd,1–3,Crystal Palace
2020-09-19,Arsenal,2–1,West Ham
2020-09-20,Southampton,2–5,Tottenham
2020-09-20,Newcastle Utd,0–3,Brighton
2020-09-20,Chelsea,0–2,Liverpool
2020-09-20,Leicester City,4–2,Burnley
2020-09-21,Aston Villa,1–0,Sheffield Utd
2020-09-21,Wolves,1–3,Manchester City
2020-09-26,Brighton,2–3,Manchester Utd
2020-09-26,Crystal Palace,1–2,Everton
2020-09-26,West Brom,3–3,Chelsea
2020-09-26,Burnley,0–1,Southampton
2020-09-27,Sheffield Utd,0–1,Leeds United
2020-09-27,Tottenham,1–1,Newcastle Utd
2020-09-27,Manchester City,2–5,Leicester City
2020-09-27,West Ham,4–0,Wolves
2020-09-28,Fulham,0–3,Aston Villa
2020-09-28,Liverpool,3–1,Arsenal
2020-10-03,Chelsea,4–0,Crystal Palace
2020-10-03,Everton,4–2,Brighton
2020-10-03,Leeds United,1–1,Manchester City
2020-10-03,Newcastle Utd,3–1,Burnley
2020-10-04,Southampton,2–0,West Brom
2020-10-04,Leicester City,0–3,West Ham
2020-10-04,Arsenal,2–1,Sheffield Utd
2020-10-04,Wolves,1–0,Fulham
2020-10-04,Manchester Utd,1–6,Tottenham
2020-10-04,Aston Villa,7–2,Liverpool
2020-10-17,Everton,2–2,Liverpool
2020-10-17,Chelsea,3–3,Southampton
2020-10-17,Manchester City,1–0,Arsenal
2020-10-17,Newcastle Utd,1–4,Manchester Utd
2020-10-18,Sheffield Utd,1–1,Fulham
2020-10-18,Crystal Palace,1–1,Brighton
2020-10-18,Tottenham,3–3,West Ham
2020-10-18,Leicester City,0–1,Aston Villa
2020-10-19,West Brom,0–0,Burnley
2020-10-19,Leeds United,0–1,Wolves
2020-10-23,Aston Villa,0–3,Leeds United
2020-10-24,West Ham,1–1,Manchester City
2020-10-24,Fulham,1–2,Crystal Palace
2020-10-24,Manchester Utd,0–0,Chelsea
2020-10-24,Liverpool,2–1,Sheffield Utd
2020-10-25,Southampton,2–0,Everton
2020-10-25,Wolves,1–1,Newcastle Utd
2020-10-25,Arsenal,0–1,Leicester City
2020-10-26,Brighton,1–1,West Brom
2020-10-26,Burnley,0–1,Tottenham
2020-10-30,Wolves,2–0,Crystal Palace
2020-10-31,Sheffield Utd,0–1,Manchester City
2020-10-31,Burnley,0–3,Chelsea
2020-10-31,Liverpool,2–1,West Ham
2020-11-01,Aston Villa,3–4,Southampton
2020-11-01,Newcastle Utd,2–1,Everton
2020-11-01,Manchester Utd,0–1,Arsenal
2020-11-01,Tottenham,2–1,Brighton
2020-11-02,Fulham,2–0,West Brom
2020-11-02,Leeds United,1–4,Leicester City
2020-11-06,Brighton,0–0,Burnley
2020-11-06,Southampton,2–0,Newcastle Utd
2020-11-07,Everton,1–3,Manchester Utd
2020-11-07,Crystal Palace,4–1,Leeds United
2020-11-07,Chelsea,4–1,Sheffield Utd
2020-11-07,West Ham,1–0,Fulham
2020-11-08,West Brom,0–1,Tottenham
2020-11-08,Leicester City,1–0,Wolves
2020-11-08,Manchester City,1–1,Liverpool
2020-11-08,Arsenal,0–3,Aston Villa
2020-11-21,Newcastle Utd,0–2,Chelsea
2020-11-21,Aston Villa,1–2,Brighton
2020-11-21,Tottenham,2–0,Manchester City
2020-11-21,Manchester Utd,1–0,West Brom
2020-11-22,Fulham,2–3,Everton
2020-11-22,Sheffield Utd,0–1,West Ham
2020-11-22,Leeds United,0–0,Arsenal
2020-11-22,Liverpool,3–0,Leicester City
2020-11-23,Burnley,1–0,Crystal Palace
2020-11-23,Wolves,1–1,Southampton
2020-11-27,Crystal Palace,0–2,Newcastle Utd
2020-11-28,Brighton,1–1,Liverpool
2020-11-28,Manchester City,5–0,Burnley
2020-11-28,Everton,0–1,Leeds United
2020-11-28,West Brom,1–0,Sheffield Utd
2020-11-29,Southampton,2–3,Manchester Utd
2020-11-29,Chelsea,0–0,Tottenham
2020-11-29,Arsenal,1–2,Wolves
2020-11-30,Leicester City,1–2,Fulham
2020-11-30,West Ham,2–1,Aston Villa
2020-12-05,Burnley,1–1,Everton
2020-12-05,Manchester City,2–0,Fulham
2020-12-05,West Ham,1–3,Manchester Utd
2020-12-05,Chelsea,3–1,Leeds United
2020-12-06,West Brom,1–5,Crystal Palace
2020-12-06,Sheffield Utd,1–2,Leicester City
2020-12-06,Tottenham,2–0,Arsenal
2020-12-06,Liverpool,4–0,Wolves
2020-12-07,Brighton,1–2,Southampton
2020-12-11,Leeds United,1–2,West Ham
2020-12-12,Wolves,0–1,Aston Villa
2020-12-12,Newcastle Utd,2–1,West Brom
2020-12-12,Manchester Utd,0–0,Manchester City
2020-12-12,Everton,1–0,Chelsea
2020-12-13,Southampton,3–0,Sheffield Utd
2020-12-13,Crystal Palace,1–1,Tottenham
2020-12-13,Fulham,1–1,Liverpool
2020-12-13,Leicester City,3–0,Brighton
2020-12-13,Arsenal,0–1,Burnley
2020-12-15,Wolves,2–1,Chelsea
2020-12-15,Manchester City,1–1,West Brom
2020-12-16,Arsenal,1–1,Southampton
2020-12-16,Leicester City,0–2,Everton
2020-12-16,Leeds United,5–2,Newcastle Utd
2020-12-16,Liverpool,2–1,Tottenham
2020-12-16,West Ham,1–1,Crystal Palace
2020-12-16,Fulham,0–0,Brighton
2020-12-17,Aston Villa,0–0,Burnley
2020-12-17,Sheffield Utd,2–3,Manchester Utd
2020-12-19,Crystal Palace,0–7,Liverpool
2020-12-19,Southampton,0–1,Manchester City
2020-12-19,Everton,2–1,Arsenal
2020-12-19,Newcastle Utd,1–1,Fulham
2020-12-20,Brighton,1–1,Sheffield Utd
2020-12-20,Tottenham,0–2,Leicester City
2020-12-20,Manchester Utd,6–2,Leeds United
2020-12-20,West Brom,0–3,Aston Villa
2020-12-21,Burnley,2–1,Wolves
2020-12-21,Chelsea,3–0,West Ham
2020-12-26,Leicester City,2–2,Manchester Utd
2020-12-26,Aston Villa,3–0,Crystal Palace
2020-12-26,Fulham,0–0,Southampton
2020-12-26,Arsenal,3–1,Chelsea
2020-12-26,Sheffield Utd,0–1,Everton
2020-12-26,Manchester City,2–0,Newcastle Utd
2020-12-27,Leeds United,1–0,Burnley
2020-12-27,West Ham,2–2,Brighton
2020-12-27,Liverpool,1–1,West Brom
2020-12-27,Wolves,1–1,Tottenham
2020-12-28,Crystal Palace,1–1,Leicester City
2020-12-28,Chelsea,1–1,Aston Villa
2020-12-29,West Brom,0–5,Leeds United
2020-12-29,Southampton,0–0,West Ham
2020-12-29,Burnley,1–0,Sheffield Utd
2020-12-29,Brighton,0–1,Arsenal
2020-12-29,Manchester Utd,1–0,Wolves
2020-12-30,Newcastle Utd,0–0,Liverpool
2021-01-01,Everton,0–1,West Ham
2021-01-01,Manchester Utd,2–1,Aston Villa
2021-01-02,Tottenham,3–0,Leeds United
2021-01-02,Crystal Palace,2–0,Sheffield Utd
2021-01-02,Brighton,3–3,Wolves
2021-01-02,West Brom,0–4,Arsenal
2021-01-03,Newcastle Utd,1–2,Leicester City
2021-01-03,Chelsea,1–3,Manchester City
2021-01-04,Southampton,1–0,Liverpool
2021-01-12,Sheffield Utd,1–0,Newcastle Utd
2021-01-12,Burnley,0–1,Manchester Utd
2021-01-12,Wolves,1–2,Everton
2021-01-13,Manchester City,1–0,Brighton
2021-01-13,Tottenham,1–1,Fulham
2021-01-14,Arsenal,0–0,Crystal Palace
2021-01-16,Wolves,2–3,West Brom
2021-01-16,West Ham,1–0,Burnley
2021-01-16,Leeds United,0–1,Brighton
2021-01-16,Fulham,0–1,Chelsea
2021-01-16,Leicester City,2–0,Southampton
2021-01-17,Sheffield Utd,1–3,Tottenham
2021-01-17,Liverpool,0–0,Manchester Utd
2021-01-17,Manchester City,4–0,Crystal Palace
2021-01-18,Arsenal,3–0,Newcastle Utd
2021-01-19,West Ham,2–1,West Brom
2021-01-19,Leicester City,2–0,Chelsea
2021-01-20,Manchester City,2–0,Aston Villa
2021-01-20,Fulham,1–2,Manchester Utd
2021-01-21,Liverpool,0–1,Burnley
2021-01-23,Aston Villa,2–0,Newcastle Utd
2021-01-26,Newcastle Utd,1–2,Leeds United
2021-01-26,Crystal Palace,2–3,West Ham
2021-01-26,West Brom,0–5,Manchester City
2021-01-26,Southampton,1–3,Arsenal
2021-01-27,Chelsea,0–0,Wolves
2021-01-27,Burnley,3–2,Aston Villa
2021-01-27,Brighton,0–0,Fulham
2021-01-27,Everton,1–1,Leicester City
2021-01-27,Manchester Utd,1–2,Sheffield Utd
2021-01-28,Tottenham,1–3,Liverpool
2021-01-30,Everton,0–2,Newcastle Utd
2021-01-30,Crystal Palace,1–0,Wolves
2021-01-30,Manchester City,1–0,Sheffield Utd
2021-01-30,West Brom,2–2,Fulham
2021-01-30,Arsenal,0–0,Manchester Utd
2021-01-30,Southampton,0–1,Aston Villa
2021-01-31,Chelsea,2–0,Burnley
2021-01-31,Leicester City,1–3,Leeds United
2021-01-31,West Ham,1–3,Liverpool
2021-01-31,Brighton,1–0,Tottenham
2021-02-02,Sheffield Utd,2–1,West Brom
2021-02-02,Wolves,2–1,Arsenal
2021-02-02,Manchester Utd,9–0,Southampton
2021-02-02,Newcastle Utd,1–2,Crystal Palace
2021-02-03,Burnley,0–2,Manchester City
2021-02-03,Fulham,0–2,Leicester City
2021-02-03,Leeds United,1–2,Everton
2021-02-03,Liverpool,0–1,Brighton
2021-02-03,Aston Villa,1–3,West Ham
2021-02-04,Tottenham,0–1,Chelsea
2021-02-06,Aston Villa,1–0,Arsenal
2021-02-06,Burnley,1–1,Brighton
2021-02-06,Newcastle Utd,3–2,Southampton
2021-02-06,Fulham,0–0,West Ham
2021-02-06,Manchester Utd,3–3,Everton
2021-02-07,Tottenham,2–0,West Brom
2021-02-07,Wolves,0–0,Leicester City
2021-02-07,Liverpool,1–4,Manchester City
2021-02-07,Sheffield Utd,1–2,Chelsea
2021-02-08,Leeds United,2–0,Crystal Palace
2021-02-13,Leicester City,3–1,Liverpool
2021-02-13,Crystal Palace,0–3,Burnley
2021-02-13,Manchester City,3–0,Tottenham
2021-02-13,Brighton,0–0,Aston Villa
2021-02-14,Southampton,1–2,Wolves
2021-02-14,West Brom,1–1,Manchester Utd
2021-02-14,Arsenal,4–2,Leeds United
2021-02-14,Everton,0–2,Fulham
2021-02-15,West Ham,3–0,Sheffield Utd
2021-02-15,Chelsea,2–0,Newcastle Utd
2021-02-17,Burnley,1–1,Fulham
2021-02-17,Everton,1–3,Manchester City
2021-02-19,Wolves,1–0,Leeds United
2021-02-20,Southampton,1–1,Chelsea
2021-02-20,Burnley,0–0,West Brom
2021-02-20,Liverpool,0–2,Everton
2021-02-20,Fulham,1–0,Sheffield Utd
2021-02-21,West Ham,2–1,Tottenham
2021-02-21,Aston Villa,1–2,Leicester City
2021-02-21,Arsenal,0–1,Manchester City
2021-02-21,Manchester Utd,3–1,Newcastle Utd
2021-02-22,Brighton,1–2,Crystal Palace
2021-02-23,Leeds United,3–0,Southampton
2021-02-27,Manchester City,2–1,West Ham
2021-02-27,West Brom,1–0,Brighton
2021-02-27,Leeds United,0–1,Aston Villa
2021-02-27,Newcastle Utd,1–1,Wolves
2021-02-28,Crystal Palace,0–0,Fulham
2021-02-28,Leicester City,1–3,Arsenal
2021-02-28,Tottenham,4–0,Burnley
2021-02-28,Chelsea,0–0,Manchester Utd
2021-02-28,Sheffield Utd,0–2,Liverpool
2021-03-01,Everton,1–0,Southampton
2021-03-02,Manchester City,4–1,Wolves
2021-03-03,Sheffield Utd,1–0,Aston Villa
2021-03-03,Burnley,1–1,Leicester City
2021-03-03,Crystal Palace,0–0,Manchester Utd
2021-03-04,West Brom,0–1,Everton
2021-03-04,Fulham,0–1,Tottenham
2021-03-04,Liverpool,0–1,Chelsea
2021-03-06,Burnley,1–1,Arsenal
2021-03-06,Sheffield Utd,0–2,Southampton
2021-03-06,Aston Villa,0–0,Wolves
2021-03-06,Brighton,1–2,Leicester City
2021-03-07,West Brom,0–0,Newcastle Utd
2021-03-07,Liverpool,0–1,Fulham
2021-03-07,Manchester City,0–2,Manchester Utd
2021-03-07,Tottenham,4–1,Crystal Palace
2021-03-08,Chelsea,2–0,Everton
2021-03-08,West Ham,2–0,Leeds United
2021-03-10,Manchester City,5–2,Southampton
2021-03-12,Newcastle Utd,1–1,Aston Villa
2021-03-13,Leeds United,0–0,Chelsea
2021-03-13,Crystal Palace,1–0,West Brom
2021-03-13,Everton,1–2,Burnley
2021-03-13,Fulham,0–3,Manchester City
2021-03-14,Southampton,1–2,Brighton
2021-03-14,Leicester City,5–0,Sheffield Utd
2021-03-14,Arsenal,2–1,Tottenham
2021-03-14,Manchester Utd,1–0,West Ham
2021-03-15,Wolves,0–1,Liverpool
2021-03-19,Fulham,1–2,Leeds United
2021-03-20,Brighton,3–0,Newcastle Utd
2021-03-21,West Ham,3–3,Arsenal
2021-03-21,Aston Villa,0–2,Tottenham
2021-04-03,Chelsea,2–5,West Brom
2021-04-03,Leeds United,2–1,Sheffield Utd
2021-04-03,Leicester City,0–2,Manchester City
2021-04-03,Arsenal,0–3,Liverpool
2021-04-04,Southampton,3–2,Burnley
2021-04-04,Newcastle Utd,2–2,Tottenham
2021-04-04,Aston Villa,3–1,Fulham
2021-04-04,Manchester Utd,2–1,Brighton
2021-04-05,Everton,1–1,Crystal Palace
2021-04-05,Wolves,2–3,West Ham
2021-04-09,Fulham,0–1,Wolves
2021-04-10,Manchester City,1–2,Leeds United
2021-04-10,Liverpool,2–1,Aston Villa
2021-04-10,Crystal Palace,1–4,Chelsea
2021-04-11,Burnley,1–2,Newcastle Utd
2021-04-11,West Ham,3–2,Leicester City
2021-04-11,Tottenham,1–3,Manchester Utd
2021-04-11,Sheffield Utd,0–3,Arsenal
2021-04-12,West Brom,3–0,Southampton
2021-04-12,Brighton,0–0,Everton
2021-04-16,Everton,2–2,Tottenham
2021-04-17,Newcastle Utd,3–2,West Ham
2021-04-17,Wolves,1–0,Sheffield Utd
2021-04-18,Arsenal,1–1,Fulham
2021-04-18,Manchester Utd,3–1,Burnley
2021-04-19,Leeds United,1–1,Liverpool
2021-04-20,Chelsea,0–0,Brighton
2021-04-21,Tottenham,2–1,Southampton
2021-04-21,Aston Villa,1–2,Manchester City
2021-04-22,Leicester City,3–0,West Brom
2021-04-23,Arsenal,0–1,Everton
2021-04-24,Liverpool,1–1,Newcastle Utd
2021-04-24,West Ham,0–1,Chelsea
2021-04-24,Sheffield Utd,1–0,Brighton
2021-04-25,Wolves,0–4,Burnley
2021-04-25,Leeds United,0–0,Manchester Utd
2021-04-25,Aston Villa,2–2,West Brom
2021-04-26,Leicester City,2–1,Crystal Palace
2021-04-30,Southampton,1–1,Leicester City
2021-05-01,Crystal Palace,0–2,Manchester City
2021-05-01,Brighton,2–0,Leeds United
2021-05-01,Chelsea,2–0,Fulham
2021-05-01,Everton,1–2,Aston Villa
2021-05-02,Newcastle Utd,0–2,Arsenal
2021-05-02,Tottenham,4–0,Sheffield Utd
2021-05-03,West Brom,1–1,Wolves
2021-05-03,Burnley,1–2,West Ham
2021-05-07,Leicester City,2–4,Newcastle Utd
2021-05-08,Leeds United,3–1,Tottenham
2021-05-08,Sheffield Utd,0–2,Crystal Palace
2021-05-08,Manchester City,1–2,Chelsea
2021-05-08,Liverpool,2–0,Southampton
2021-05-09,Wolves,2–1,Brighton
2021-05-09,Aston Villa,1–3,Manchester Utd
2021-05-09,West Ham,0–1,Everton
2021-05-09,Arsenal,3–1,West Brom
2021-05-10,Fulham,0–2,Burnley
2021-05-11,Manchester Utd,1–2,Leicester City
2021-05-11,Southampton,3–1,Crystal Palace
2021-05-12,Chelsea,0–1,Arsenal
2021-05-13,Aston Villa,0–0,Everton
2021-05-13,Manchester Utd,2–4,Liverpool
2021-05-14,Newcastle Utd,3–4,Manchester City
2021-05-15,Burnley,0–4,Leeds United
2021-05-15,Southampton,3–1,Fulham
2021-05-15,Brighton,1–1,West Ham
2021-05-16,Crystal Palace,3–2,Aston Villa
2021-05-16,Tottenham,2–0,Wolves
2021-05-16,West Brom,1–2,Liverpool
2021-05-16,Everton,0–1,Sheffield Utd
2021-05-18,Manchester Utd,1–1,Fulham
2021-05-18,Southampton,0–2,Leeds United
2021-05-18,Brighton,3–2,Manchester City
2021-05-18,Chelsea,2–1,Leicester City
2021-05-19,Newcastle Utd,1–0,Sheffield Utd
2021-05-19,Tottenham,1–2,Aston Villa
2021-05-19,Everton,1–0,Wolves
2021-05-19,Crystal Palace,1–3,Arsenal
2021-05-19,Burnley,0–3,Liverpool
2021-05-19,West Brom,1–3,West Ham
2021-05-23,Aston Villa,2–1,Chelsea
2021-05-23,Leicester City,2–4,Tottenham
2021-05-23,Manchester City,5–0,Everton
2021-05-23,Sheffield Utd,1–0,Burnley
2021-05-23,Wolves,1–2,Manchester Utd
2021-05-23,West Ham,3–0,Southampton
2021-05-23,Leeds United,3–1,West Brom
2021-05-23,Arsenal,2–0,Brighton
2021-05-23,Liverpool,2–0,Crystal Palace
2021-05-23,Fulham,0–2,Newcastle Utd
2021-08-13,Brentford,2–0,Arsenal
2021-08-14,Manchester Utd,5–1,Leeds United
2021-08-14,Leicester City,1–0,Wolves
2021-08-14,Burnley,1–2,Brighton
2021-08-14,Chelsea,3–0,Crystal Palace
2021-08-14,Watford,3–2,Aston Villa
2021-08-14,Everton,3–1,Southampton
2021-08-14,Norwich City,0–3,Liverpool
2021-08-15,Newcastle Utd,2–4,West Ham
2021-08-15,Tottenham,1–0,Manchester City
2021-08-21,Liverpool,2–0,Burnley
2021-08-21,Aston Villa,2–0,Newcastle Utd
2021-08-21,Manchester City,5–0,Norwich City
2021-08-21,Leeds United,2–2,Everton
2021-08-21,Crystal Palace,0–0,Brentford
2021-08-21,Brighton,2–0,Watford
2021-08-22,Wolves,0–1,Tottenham
2021-08-22,Southampton,1–1,Manchester Utd
2021-08-22,Arsenal,0–2,Chelsea
2021-08-23,West Ham,4–1,Leicester City
2021-08-28,Manchester City,5–0,Arsenal
2021-08-28,Norwich City,1–2,Leicester City
2021-08-28,West Ham,2–2,Crystal Palace
2021-08-28,Aston Villa,1–1,Brentford
2021-08-28,Newcastle Utd,2–2,Southampton
2021-08-28,Brighton,0–2,Everton
2021-08-28,Liverpool,1–1,Chelsea
2021-08-29,Burnley,1–1,Leeds United
2021-08-29,Tottenham,1–0,Watford
2021-08-29,Wolves,0–1,Manchester Utd
2021-09-11,Crystal Palace,3–0,Tottenham
2021-09-11,Watford,0–2,Wolves
2021-09-11,Brentford,0–1,Brighton
2021-09-11,Arsenal,1–0,Norwich City
2021-09-11,Manchester Utd,4–1,Newcastle Utd
2021-09-11,Leicester City,0–1,Manchester City
2021-09-11,Southampton,0–0,West Ham
2021-09-11,Chelsea,3–0,Aston Villa
2021-09-12,Leeds United,0–3,Liverpool
2021-09-13,Everton,3–1,Burnley
2021-09-17,Newcastle Utd,1–1,Leeds United
2021-09-18,Wolves,0–2,Brentford
2021-09-18,Manchester City,0–0,Southampton
2021-09-18,Liverpool,3–0,Crystal Palace
2021-09-18,Norwich City,1–3,Watford
2021-09-18,Burnley,0–1,Arsenal
2021-09-18,Aston Villa,3–0,Everton
2021-09-19,West Ham,1–2,Manchester Utd
2021-09-19,Brighton,2–1,Leicester City
2021-09-19,Tottenham,0–3,Chelsea
2021-09-25,Manchester Utd,0–1,Aston Villa
2021-09-25,Chelsea,0–1,Manchester City
2021-09-25,Leicester City,2–2,Burnley
2021-09-25,Leeds United,1–2,West Ham
2021-09-25,Watford,1–1,Newcastle Utd
2021-09-25,Everton,2–0,Norwich City
2021-09-25,Brentford,3–3,Liverpool
2021-09-26,Southampton,0–1,Wolves
2021-09-26,Arsenal,3–1,Tottenham
2021-09-27,Crystal Palace,1–1,Brighton
2021-10-02,Manchester Utd,1–1,Everton
2021-10-02,Wolves,2–1,Newcastle Utd
2021-10-02,Burnley,0–0,Norwich City
2021-10-02,Chelsea,3–1,Southampton
2021-10-02,Leeds United,1–0,Watford
2021-10-02,Brighton,0–0,Arsenal
2021-10-03,Tottenham,2–1,Aston Villa
2021-10-03,Crystal Palace,2–2,Leicester City
2021-10-03,West Ham,1–2,Brentford
2021-10-03,Liverpool,2–2,Manchester City
2021-10-16,Watford,0–5,Liverpool
2021-10-16,Leicester City,4–2,Manchester Utd
2021-10-16,Manchester City,2–0,Burnley
2021-10-16,Southampton,1–0,Leeds United
2021-10-16,Aston Villa,2–3,Wolves
2021-10-16,Norwich City,0–0,Brighton
2021-10-16,Brentford,0–1,Chelsea
2021-10-17,Everton,0–1,West Ham
2021-10-17,Newcastle Utd,2–3,Tottenham
2021-10-18,Arsenal,2–2,Crystal Palace
2021-10-22,Arsenal,3–1,Aston Villa
2021-10-23,Chelsea,7–0,Norwich City
2021-10-23,Leeds United,1–1,Wolves
2021-10-23,Crystal Palace,1–1,Newcastle Utd
2021-10-23,Everton,2–5,Watford
2021-10-23,Southampton,2–2,Burnley
2021-10-23,Brighton,1–4,Manchester City
2021-10-24,West Ham,1–0,Tottenham
2021-10-24,Brentford,1–2,Leicester City
2021-10-24,Manchester Utd,0–5,Liverpool
2021-10-30,Leicester City,0–2,Arsenal
2021-10-30,Newcastle Utd,0–3,Chelsea
2021-10-30,Liverpool,2–2,Brighton
2021-10-30,Burnley,3–1,Brentford
2021-10-30,Watford,0–1,Southampton
2021-10-30,Manchester City,0–2,Crystal Palace
2021-10-30,Tottenham,0–3,Manchester Utd
2021-10-31,Norwich City,1–2,Leeds United
2021-10-31,Aston Villa,1–4,West Ham
2021-11-01,Wolves,2–1,Everton
2021-11-05,Southampton,1–0,Aston Villa
2021-11-06,Manchester Utd,0–2,Manchester City
2021-11-06,Brentford,1–2,Norwich City
2021-11-06,Chelsea,1–1,Burnley
2021-11-06,Crystal Palace,2–0,Wolves
2021-11-06,Brighton,1–1,Newcastle Utd
2021-11-07,Everton,0–0,Tottenham
2021-11-07,Leeds United,1–1,Leicester City
2021-11-07,Arsenal,1–0,Watford
2021-11-07,West Ham,3–2,Liverpool
2021-11-20,Leicester City,0–3,Chelsea
2021-11-20,Wolves,1–0,West Ham
2021-11-20,Watford,4–1,Manchester Utd
2021-11-20,Norwich City,2–1,Southampton
2021-11-20,Aston Villa,2–0,Brighton
2021-11-20,Newcastle Utd,3–3,Brentford
2021-11-20,Burnley,3–3,Crystal Palace
2021-11-20,Liverpool,4–0,Arsenal
2021-11-21,Manchester City,3–0,Everton
2021-11-21,Tottenham,2–1,Leeds United
2021-11-27,Arsenal,2–0,Newcastle Utd
2021-11-27,Crystal Palace,1–2,Aston Villa
2021-11-27,Liverpool,4–0,Southampton
2021-11-27,Norwich City,0–0,Wolves
2021-11-27,Brighton,0–0,Leeds United
2021-11-28,Brentford,1–0,Everton
2021-11-28,Leicester City,4–2,Watford
2021-11-28,Manchester City,2–1,West Ham
2021-11-28,Chelsea,1–1,Manchester Utd
2021-11-30,Newcastle Utd,1–1,Norwich City
2021-11-30,Leeds United,1–0,Crystal Palace
2021-12-01,Southampton,2–2,Leicester City
2021-12-01,West Ham,1–1,Brighton
2021-12-01,Wolves,0–0,Burnley
2021-12-01,Watford,1–2,Chelsea
2021-12-01,Aston Villa,1–2,Manchester City
2021-12-01,Everton,1–4,Liverpool
2021-12-02,Tottenham,2–0,Brentford
2021-12-02,Manchester Utd,3–2,Arsenal
2021-12-04,West Ham,3–2,Chelsea
2021-12-04,Newcastle Utd,1–0,Burnley
2021-12-04,Southampton,1–1,Brighton
2021-12-04,Wolves,0–1,Liverpool
2021-12-04,Watford,1–3,Manchester City
2021-12-05,Leeds United,2–2,Brentford
2021-12-05,Tottenham,3–0,Norwich City
2021-12-05,Manchester Utd,1–0,Crystal Palace
2021-12-05,Aston Villa,2–1,Leicester City
2021-12-06,Everton,2–1,Arsenal
2021-12-10,Brentford,2–1,Watford
2021-12-11,Manchester City,1–0,Wolves
2021-12-11,Liverpool,1–0,Aston Villa
2021-12-11,Arsenal,3–0,Southampton
2021-12-11,Chelsea,3–2,Leeds United
2021-12-11,Norwich City,0–1,Manchester Utd
2021-12-12,Burnley,0–0,West Ham
2021-12-12,Leicester City,4–0,Newcastle Utd
2021-12-12,Crystal Palace,3–1,Everton
2021-12-14,Norwich City,0–2,Aston Villa
2021-12-14,Manchester City,7–0,Leeds United
2021-12-15,Brighton,0–1,Wolves
2021-12-15,Crystal Palace,2–2,Southampton
2021-12-15,Arsenal,2–0,West Ham
2021-12-16,Chelsea,1–1,Everton
2021-12-16,Liverpool,3–1,Newcastle Utd
2021-12-18,Leeds United,1–4,Arsenal
2021-12-19,Wolves,0–0,Chelsea
2021-12-19,Newcastle Utd,0–4,Manchester City
2021-12-19,Tottenham,2–2,Liverpool
2021-12-26,West Ham,2–3,Southampton
2021-12-26,Manchester City,6–3,Leicester City
2021-12-26,Norwich City,0–5,Arsenal
2021-12-26,Tottenham,3–0,Crystal Palace
2021-12-26,Aston Villa,1–3,Chelsea
2021-12-26,Brighton,2–0,Brentford
2021-12-27,Newcastle Utd,1–1,Manchester Utd
2021-12-28,Southampton,1–1,Tottenham
2021-12-28,Crystal Palace,3–0,Norwich City
2021-12-28,Watford,1–4,West Ham
2021-12-28,Leicester City,1–0,Liverpool
2021-12-29,Chelsea,1–1,Brighton
2021-12-29,Brentford,0–1,Manchester City
2021-12-30,Manchester Utd,3–1,Burnley
2022-01-01,Arsenal,1–2,Manchester City
2022-01-01,Watford,0–1,Tottenham
2022-01-01,Crystal Palace,2–3,West Ham
2022-01-02,Leeds United,3–1,Burnley
2022-01-02,Brentford,2–1,Aston Villa
2022-01-02,Everton,2–3,Brighton
2022-01-02,Chelsea,2–2,Liverpool
2022-01-03,Manchester Utd,0–1,Wolves
2022-01-11,Southampton,4–1,Brentford
2022-01-12,West Ham,2–0,Norwich City
2022-01-14,Brighton,1–1,Crystal Palace
2022-01-15,Manchester City,1–0,Chelsea
2022-01-15,Norwich City,2–1,Everton
2022-01-15,Newcastle Utd,1–1,Watford
2022-01-15,Wolves,3–1,Southampton
2022-01-15,Aston Villa,2–2,Manchester Utd
2022-01-16,West Ham,2–3,Leeds United
2022-01-16,Liverpool,3–0,Brentford
2022-01-18,Brighton,1–1,Chelsea
2022-01-19,Leicester City,2–3,Tottenham
2022-01-19,Brentford,1–3,Manchester Utd
2022-01-21,Watford,0–3,Norwich City
2022-01-22,Everton,0–1,Aston Villa
2022-01-22,Leeds United,0–1,Newcastle Utd
2022-01-22,Manchester Utd,1–0,West Ham
2022-01-22,Brentford,1–2,Wolves
2022-01-22,Southampton,1–1,Manchester City
2022-01-23,Crystal Palace,1–3,Liverpool
2022-01-23,Arsenal,0–0,Burnley
2022-01-23,Leicester City,1–1,Brighton
2022-01-23,Chelsea,2–0,Tottenham
2022-02-05,Burnley,0–0,Watford
2022-02-08,West Ham,1–0,Watford
2022-02-08,Newcastle Utd,3–1,Everton
2022-02-08,Burnley,1–1,Manchester Utd
2022-02-09,Tottenham,2–3,Southampton
2022-02-09,Norwich City,1–1,Crystal Palace
2022-02-09,Manchester City,2–0,Brentford
2022-02-09,Aston Villa,3–3,Leeds United
2022-02-10,Liverpool,2–0,Leicester City
2022-02-10,Wolves,0–1,Arsenal
2022-02-12,Manchester Utd,1–1,Southampton
2022-02-12,Everton,3–0,Leeds United
2022-02-12,Brentford,0–0,Crystal Palace
2022-02-12,Watford,0–2,Brighton
2022-02-12,Norwich City,0–4,Manchester City
2022-02-13,Newcastle Utd,1–0,Aston Villa
2022-02-13,Burnley,0–1,Liverpool
2022-02-13,Tottenham,0–2,Wolves
2022-02-13,Leicester City,2–2,West Ham
2022-02-15,Manchester Utd,2–0,Brighton
2022-02-19,West Ham,1–1,Newcastle Utd
2022-02-19,Aston Villa,0–1,Watford
2022-02-19,Arsenal,2–1,Brentford
2022-02-19,Southampton,2–0,Everton
2022-02-19,Liverpool,3–1,Norwich City
2022-02-19,Brighton,0–3,Burnley
2022-02-19,Crystal Palace,0–1,Chelsea
2022-02-19,Manchester City,2–3,Tottenham
2022-02-20,Leeds United,2–4,Manchester Utd
2022-02-20,Wolves,2–1,Leicester City
2022-02-23,Burnley,1–0,Tottenham
2022-02-23,Watford,1–4,Crystal Palace
2022-02-23,Liverpool,6–0,Leeds United
2022-02-24,Arsenal,2–1,Wolves
2022-02-25,Southampton,2–0,Norwich City
2022-02-26,Leeds United,0–4,Tottenham
2022-02-26,Crystal Palace,1–1,Burnley
2022-02-26,Manchester Utd,0–0,Watford
2022-02-26,Brighton,0–2,Aston Villa
2022-02-26,Brentford,0–2,Newcastle Utd
2022-02-26,Everton,0–1,Manchester City
2022-02-27,West Ham,1–0,Wolves
2022-03-01,Burnley,0–2,Leicester City
2022-03-05,Leicester City,1–0,Leeds United
2022-03-05,Newcastle Utd,2–1,Brighton
2022-03-05,Aston Villa,4–0,Southampton
2022-03-05,Burnley,0–4,Chelsea
2022-03-05,Wolves,0–2,Crystal Palace
2022-03-05,Norwich City,1–3,Brentford
2022-03-05,Liverpool,1–0,West Ham
2022-03-06,Watford,2–3,Arsenal
2022-03-06,Manchester City,4–1,Manchester Utd
2022-03-07,Tottenham,5–0,Everton
2022-03-10,Wolves,4–0,Watford
2022-03-10,Southampton,1–2,Newcastle Utd
2022-03-10,Norwich City,1–3,Chelsea
2022-03-10,Leeds United,0–3,Aston Villa
2022-03-12,Brighton,0–2,Liverpool
2022-03-12,Brentford,2–0,Burnley
2022-03-12,Manchester Utd,3–2,Tottenham
2022-03-13,Chelsea,1–0,Newcastle Utd
2022-03-13,Southampton,1–2,Watford
2022-03-13,West Ham,2–1,Aston Villa
2022-03-13,Everton,0–1,Wolves
2022-03-13,Leeds United,2–1,Norwich City
2022-03-13,Arsenal,2–0,Leicester City
2022-03-14,Crystal Palace,0–0,Manchester City
2022-03-16,Brighton,0–2,Tottenham
2022-03-16,Arsenal,0–2,Liverpool
2022-03-17,Everton,1–0,Newcastle Utd
2022-03-18,Wolves,2–3,Leeds United
2022-03-19,Aston Villa,0–1,Arsenal
2022-03-20,Leicester City,2–1,Brentford
2022-03-20,Tottenham,3–1,West Ham
2022-04-02,Liverpool,2–0,Watford
2022-04-02,Wolves,2–1,Aston Villa
2022-04-02,Leeds United,1–1,Southampton
2022-04-02,Chelsea,1–4,Brentford
2022-04-02,Burnley,0–2,Manchester City
2022-04-02,Brighton,0–0,Norwich City
2022-04-02,Manchester Utd,1–1,Leicester City
2022-04-03,West Ham,2–1,Everton
2022-04-03,Tottenham,5–1,Newcastle Utd
2022-04-04,Crystal Palace,3–0,Arsenal
2022-04-06,Burnley,3–2,Everton
2022-04-08,Newcastle Utd,1–0,Wolves
2022-04-09,Everton,1–0,Manchester Utd
2022-04-09,Arsenal,1–2,Brighton
2022-04-09,Southampton,0–6,Chelsea
2022-04-09,Watford,0–3,Leeds United
2022-04-09,Aston Villa,0–4,Tottenham
2022-04-10,Brentford,2–0,West Ham
2022-04-10,Leicester City,2–1,Crystal Palace
2022-04-10,Norwich City,2–0,Burnley
2022-04-10,Manchester City,2–2,Liverpool
2022-04-16,Tottenham,0–1,Brighton
2022-04-16,Manchester Utd,3–2,Norwich City
2022-04-16,Watford,1–2,Brentford
2022-04-16,Southampton,1–0,Arsenal
2022-04-17,Newcastle Utd,2–1,Leicester City
2022-04-17,West Ham,1–1,Burnley
2022-04-19,Liverpool,4–0,Manchester Utd
2022-04-20,Everton,1–1,Leicester City
2022-04-20,Chelsea,2–4,Arsenal
2022-04-20,Newcastle Utd,1–0,Crystal Palace
2022-04-20,Manchester City,3–0,Brighton
2022-04-21,Burnley,2–0,Southampton
2022-04-23,Arsenal,3–1,Manchester Utd
2022-04-23,Leicester City,0–0,Aston Villa
2022-04-23,Manchester City,5–1,Watford
2022-04-23,Norwich City,0–3,Newcastle Utd
2022-04-23,Brentford,0–0,Tottenham
2022-04-24,Brighton,2–2,Southampton
2022-04-24,Burnley,1–0,Wolves
2022-04-24,Chelsea,1–0,West Ham
2022-04-24,Liverpool,2–0,Everton
2022-04-25,Crystal Palace,0–0,Leeds United
2022-04-28,Manchester Utd,1–1,Chelsea
2022-04-30,Newcastle Utd,0–1,Liverpool
2022-04-30,Watford,1–2,Burnley
2022-04-30,Wolves,0–3,Brighton
2022-04-30,Aston Villa,2–0,Norwich City
2022-04-30,Southampton,1–2,Crystal Palace
2022-04-30,Leeds United,0–4,Manchester City
2022-05-01,Tottenham,3–1,Leicester City
2022-05-01,Everton,1–0,Chelsea
2022-05-01,West Ham,1–2,Arsenal
2022-05-02,Manchester Utd,3–0,Brentford
2022-05-07,Crystal Palace,1–0,Watford
2022-05-07,Brentford,3–0,Southampton
2022-05-07,Chelsea,2–2,Wolves
2022-05-07,Burnley,1–3,Aston Villa
2022-05-07,Brighton,4–0,Manchester Utd
2022-05-07,Liverpool,1–1,Tottenham
2022-05-08,Leicester City,1–2,Everton
2022-05-08,Norwich City,0–4,West Ham
2022-05-08,Arsenal,2–1,Leeds United
2022-05-08,Manchester City,5–0,Newcastle Utd
2022-05-10,Aston Villa,1–2,Liverpool
2022-05-11,Leeds United,0–3,Chelsea
2022-05-11,Leicester City,3–0,Norwich City
2022-05-11,Watford,0–0,Everton
2022-05-11,Wolves,1–5,Manchester City
2022-05-12,Tottenham,3–0,Arsenal
2022-05-15,Tottenham,1–0,Burnley
2022-05-15,Leeds United,1–1,Brighton
2022-05-15,Watford,1–5,Leicester City
2022-05-15,Wolves,1–1,Norwich City
2022-05-15,Aston Villa,1–1,Crystal Palace
2022-05-15,West Ham,2–2,Manchester City
2022-05-15,Everton,2–3,Brentford
2022-05-16,Newcastle Utd,2–0,Arsenal
2022-05-17,Southampton,1–2,Liverpool
2022-05-19,Everton,3–2,Crystal Palace
2022-05-19,Aston Villa,1–1,Burnley
2022-05-19,Chelsea,1–1,Leicester City
2022-05-22,Brentford,1–2,Leeds United
2022-05-22,Leicester City,4–1,Southampton
2022-05-22,Crystal Palace,1–0,Manchester Utd
2022-05-22,Arsenal,5–1,Everton
2022-05-22,Brighton,3–1,West Ham
2022-05-22,Norwich City,0–5,Tottenham
2022-05-22,Manchester City,3–2,Aston Villa
2022-05-22,Liverpool,3–1,Wolves
2022-05-22,Burnley,1–2,Newcastle Utd
2022-05-22,Chelsea,2–1,Watford
2022-08-05,Crystal Palace,0–2,Arsenal
2022-08-06,Fulham,2–2,Liverpool
2022-08-06,Tottenham,4–1,Southampton
2022-08-06,Newcastle Utd,2–0,Nott'ham Forest
2022-08-06,Leeds United,2–1,Wolves
2022-08-06,Bournemouth,2–0,Aston Villa
2022-08-06,Everton,0–1,Chelsea
2022-08-07,Leicester City,2–2,Brentford
2022-08-07,Manchester Utd,1–2,Brighton
2022-08-07,West Ham,0–2,Manchester City
2022-08-13,Aston Villa,2–1,Everton
2022-08-13,Manchester City,4–0,Bournemouth
2022-08-13,Southampton,2–2,Leeds United
2022-08-13,Wolves,0–0,Fulham
2022-08-13,Arsenal,4–2,Leicester City
2022-08-13,Brighton,0–0,Newcastle Utd
2022-08-13,Brentford,4–0,Manchester Utd
2022-08-14,Nott'ham Forest,1–0,West Ham
2022-08-14,Chelsea,2–2,Tottenham
2022-08-15,Liverpool,1–1,Crystal Palace
2022-08-20,Tottenham,1–0,Wolves
2022-08-20,Leicester City,1–2,Southampton
2022-08-20,Everton,1–1,Nott'ham Forest
2022-08-20,Crystal Palace,3–1,Aston Villa
2022-08-20,Fulham,3–2,Brentford
2022-08-20,Bournemouth,0–3,Arsenal
2022-08-21,Leeds United,3–0,Chelsea
2022-08-21,West Ham,0–2,Brighton
2022-08-21,Newcastle Utd,3–3,Manchester City
2022-08-22,Manchester Utd,2–1,Liverpool
2022-08-27,Southampton,0–1,Manchester Utd
2022-08-27,Manchester City,4–2,Crystal Palace
2022-08-27,Brighton,1–0,Leeds United
2022-08-27,Chelsea,2–1,Leicester City
2022-08-27,Brentford,1–1,Everton
2022-08-27,Liverpool,9–0,Bournemouth
2022-08-27,Arsenal,2–1,Fulham
2022-08-28,Wolves,1–1,Newcastle Utd
2022-08-28,Aston Villa,0–1,West Ham
2022-08-28,Nott'ham Forest,0–2,Tottenham
2022-08-30,Fulham,2–1,Brighton
2022-08-30,Crystal Palace,1–1,Brentford
2022-08-30,Southampton,2–1,Chelsea
2022-08-30,Leeds United,1–1,Everton
2022-08-31,Bournemouth,0–0,Wolves
2022-08-31,Manchester City,6–0,Nott'ham Forest
2022-08-31,Arsenal,2–1,Aston Villa
2022-08-31,West Ham,1–1,Tottenham
2022-08-31,Liverpool,2–1,Newcastle Utd
2022-09-01,Leicester City,0–1,Manchester Utd
2022-09-03,Everton,0–0,Liverpool
2022-09-03,Nott'ham Forest,2–3,Bournemouth
2022-09-03,Wolves,1–0,Southampton
2022-09-03,Newcastle Utd,0–0,Crystal Palace
2022-09-03,Brentford,5–2,Leeds United
2022-09-03,Tottenham,2–1,Fulham
2022-09-03,Chelsea,2–1,West Ham
2022-09-03,Aston Villa,1–1,Manchester City
2022-09-04,Brighton,5–2,Leicester City
2022-09-04,Manchester Utd,3–1,Arsenal
2022-09-16,Aston Villa,1–0,Southampton
2022-09-16,Nott'ham Forest,2–3,Fulham
2022-09-17,Wolves,0–3,Manchester City
2022-09-17,Newcastle Utd,1–1,Bournemouth
2022-09-17,Tottenham,6–2,Leicester City
2022-09-18,Brentford,0–3,Arsenal
2022-09-18,Everton,1–0,West Ham
2022-10-01,Arsenal,3–1,Tottenham
2022-10-01,Southampton,1–2,Everton
2022-10-01,Crystal Palace,1–2,Chelsea
2022-10-01,Liverpool,3–3,Brighton
2022-10-01,Fulham,1–4,Newcastle Utd
2022-10-01,Bournemouth,0–0,Brentford
2022-10-01,West Ham,2–0,Wolves
2022-10-02,Manchester City,6–3,Manchester Utd
2022-10-02,Leeds United,0–0,Aston Villa
2022-10-03,Leicester City,4–0,Nott'ham Forest
2022-10-08,Bournemouth,2–1,Leicester City
2022-10-08,Newcastle Utd,5–1,Brentford
2022-10-08,Manchester City,4–0,Southampton
2022-10-08,Chelsea,3–0,Wolves
2022-10-08,Brighton,0–1,Tottenham
2022-10-09,West Ham,3–1,Fulham
2022-10-09,Crystal Palace,2–1,Leeds United
2022-10-09,Arsenal,3–2,Liverpool
2022-10-09,Everton,1–2,Manchester Utd
2022-10-10,Nott'ham Forest,1–1,Aston Villa
2022-10-14,Brentford,2–0,Brighton
2022-10-15,Leicester City,0–0,Crystal Palace
2022-10-15,Fulham,2–2,Bournemouth
2022-10-15,Wolves,1–0,Nott'ham Forest
2022-10-15,Tottenham,2–0,Everton
2022-10-16,Southampton,1–1,West Ham
2022-10-16,Aston Villa,0–2,Chelsea
2022-10-16,Leeds United,0–1,Arsenal
2022-10-16,Manchester Utd,0–0,Newcastle Utd
2022-10-16,Liverpool,1–0,Manchester City
2022-10-18,Brighton,0–0,Nott'ham Forest
2022-10-18,Crystal Palace,2–1,Wolves
2022-10-19,Bournemouth,0–1,Southampton
2022-10-19,Brentford,0–0,Chelsea
2022-10-19,Liverpool,1–0,West Ham
2022-10-19,Newcastle Utd,1–0,Everton
2022-10-19,Manchester Utd,2–0,Tottenham
2022-10-20,Fulham,3–0,Aston Villa
2022-10-20,Leicester City,2–0,Leeds United
2022-10-22,Nott'ham Forest,1–0,Liverpool
2022-10-22,Everton,3–0,Crystal Palace
2022-10-22,Manchester City,3–1,Brighton
2022-10-22,Chelsea,1–1,Manchester Utd
2022-10-23,Aston Villa,4–0,Brentford
2022-10-23,Wolves,0–4,Leicester City
2022-10-23,Leeds United,2–3,Fulham
2022-10-23,Southampton,1–1,Arsenal
2022-10-23,Tottenham,1–2,Newcastle Utd
2022-10-24,West Ham,2–0,Bournemouth
2022-10-29,Leicester City,0–1,Manchester City
2022-10-29,Brentford,1–1,Wolves
2022-10-29,Crystal Palace,1–0,Southampton
2022-10-29,Newcastle Utd,4–0,Aston Villa
2022-10-29,Brighton,4–1,Chelsea
2022-10-29,Bournemouth,2–3,Tottenham
2022-10-29,Fulham,0–0,Everton
2022-10-29,Liverpool,1–2,Leeds United
2022-10-30,Arsenal,5–0,Nott'ham Forest
2022-10-30,Manchester Utd,1–0,West Ham
2022-11-05,Nott'ham Forest,2–2,Brentford
2022-11-05,Leeds United,4–3,Bournemouth
2022-11-05,Manchester City,2–1,Fulham
2022-11-05,Wolves,2–3,Brighton
2022-11-05,Everton,0–2,Leicester City
2022-11-06,Chelsea,0–1,Arsenal
2022-11-06,West Ham,1–2,Crystal Palace
2022-11-06,Southampton,1–4,Newcastle Utd
2022-11-06,Aston Villa,3–1,Manchester Utd
2022-11-06,Tottenham,1–2,Liverpool
2022-11-12,Manchester City,1–2,Brentford
2022-11-12,Tottenham,4–3,Leeds United
2022-11-12,Liverpool,3–1,Southampton
2022-11-12,Bournemouth,3–0,Everton
2022-11-12,West Ham,0–2,Leicester City
2022-11-12,Nott'ham Forest,1–0,Crystal Palace
2022-11-12,Newcastle Utd,1–0,Chelsea
2022-11-12,Wolves,0–2,Arsenal
2022-11-13,Brighton,1–2,Aston Villa
2022-11-13,Fulham,1–2,Manchester Utd
2022-12-26,Brentford,2–2,Tottenham
2022-12-26,Southampton,1–3,Brighton
2022-12-26,Leicester City,0–3,Newcastle Utd
2022-12-26,Crystal Palace,0–3,Fulham
2022-12-26,Everton,1–2,Wolves
2022-12-26,Aston Villa,1–3,Liverpool
2022-12-26,Arsenal,3–1,West Ham
2022-12-27,Chelsea,2–0,Bournemouth
2022-12-27,Manchester Utd,3–0,Nott'ham Forest
2022-12-28,Leeds United,1–3,Manchester City
2022-12-30,West Ham,0–2,Brentford
2022-12-30,Liverpool,2–1,Leicester City
2022-12-31,Wolves,0–1,Manchester Utd
2022-12-31,Newcastle Utd,0–0,Leeds United
2022-12-31,Fulham,2–1,Southampton
2022-12-31,Manchester City,1–1,Everton
2022-12-31,Bournemouth,0–2,Crystal Palace
2022-12-31,Brighton,2–4,Arsenal
2023-01-01,Tottenham,0–2,Aston Villa
2023-01-01,Nott'ham Forest,1–1,Chelsea
2023-01-02,Brentford,3–1,Liverpool
2023-01-03,Leicester City,0–1,Fulham
2023-01-03,Everton,1–4,Brighton
2023-01-03,Arsenal,0–0,Newcastle Utd
2023-01-03,Manchester Utd,3–0,Bournemouth
2023-01-04,Southampton,0–1,Nott'ham Forest
2023-01-04,Leeds United,2–2,West Ham
2023-01-04,Aston Villa,1–1,Wolves
2023-01-04,Crystal Palace,0–4,Tottenham
2023-01-05,Chelsea,0–1,Manchester City
2023-01-12,Fulham,2–1,Chelsea
2023-01-13,Aston Villa,2–1,Leeds United
2023-01-14,Manchester Utd,2–1,Manchester City
2023-01-14,Everton,1–2,Southampton
2023-01-14,Wolves,1–0,West Ham
2023-01-14,Nott'ham Forest,2–0,Leicester City
2023-01-14,Brighton,3–0,Liverpool
2023-01-14,Brentford,2–0,Bournemouth
2023-01-15,Chelsea,1–0,Crystal Palace
2023-01-15,Newcastle Utd,1–0,Fulham
2023-01-15,Tottenham,0–2,Arsenal
2023-01-18,Crystal Palace,1–1,Manchester Utd
2023-01-19,Manchester City,4–2,Tottenham
2023-01-21,Liverpool,0–0,Chelsea
2023-01-21,Bournemouth,1–1,Nott'ham Forest
2023-01-21,Southampton,0–1,Aston Villa
2023-01-21,Leicester City,2–2,Brighton
2023-01-21,West Ham,2–0,Everton
2023-01-21,Crystal Palace,0–0,Newcastle Utd
2023-01-22,Manchester City,3–0,Wolves
2023-01-22,Leeds United,0–0,Brentford
2023-01-22,Arsenal,3–2,Manchester Utd
2023-01-23,Fulham,0–1,Tottenham
2023-02-03,Chelsea,0–0,Fulham
2023-02-04,Everton,1–0,Arsenal
2023-02-04,Aston Villa,2–4,Leicester City
2023-02-04,Wolves,3–0,Liverpool
2023-02-04,Manchester Utd,2–1,Crystal Palace
2023-02-04,Brighton,1–0,Bournemouth
2023-02-04,Brentford,3–0,Southampton
2023-02-04,Newcastle Utd,1–1,West Ham
2023-02-05,Nott'ham Forest,1–0,Leeds United
2023-02-05,Tottenham,1–0,Manchester City
2023-02-08,Manchester Utd,2–2,Leeds United
2023-02-11,West Ham,1–1,Chelsea
2023-02-11,Leicester City,4–1,Tottenham
2023-02-11,Crystal Palace,1–1,Brighton
2023-02-11,Arsenal,1–1,Brentford
2023-02-11,Southampton,1–2,Wolves
2023-02-11,Fulham,2–0,Nott'ham Forest
2023-02-11,Bournemouth,1–1,Newcastle Utd
2023-02-12,Leeds United,0–2,Manchester Utd
2023-02-12,Manchester City,3–1,Aston Villa
2023-02-13,Liverpool,2–0,Everton
2023-02-15,Arsenal,1–3,Manchester City
2023-02-18,Aston Villa,2–4,Arsenal
2023-02-18,Brighton,0–1,Fulham
2023-02-18,Nott'ham Forest,1–1,Manchester City
2023-02-18,Chelsea,0–1,Southampton
2023-02-18,Everton,1–0,Leeds United
2023-02-18,Wolves,0–1,Bournemouth
2023-02-18,Brentford,1–1,Crystal Palace
2023-02-18,Newcastle Utd,0–2,Liverpool
2023-02-19,Manchester Utd,3–0,Leicester City
2023-02-19,Tottenham,2–0,West Ham
2023-02-24,Fulham,1–1,Wolves
2023-02-25,Leicester City,0–1,Arsenal
2023-02-25,Everton,0–2,Aston Villa
2023-02-25,West Ham,4–0,Nott'ham Forest
2023-02-25,Leeds United,1–0,Southampton
2023-02-25,Bournemouth,1–4,Manchester City
2023-02-25,Crystal Palace,0–0,Liverpool
2023-02-26,Tottenham,2–0,Chelsea
2023-03-01,Arsenal,4–0,Everton
2023-03-01,Liverpool,2–0,Wolves
2023-03-04,Manchester City,2–0,Newcastle Utd
2023-03-04,Arsenal,3–2,Bournemouth
2023-03-04,Aston Villa,1–0,Crystal Palace
2023-03-04,Chelsea,1–0,Leeds United
2023-03-04,Brighton,4–0,West Ham
2023-03-04,Wolves,1–0,Tottenham
2023-03-04,Southampton,1–0,Leicester City
2023-03-05,Nott'ham Forest,2–2,Everton
2023-03-05,Liverpool,7–0,Manchester Utd
2023-03-06,Brentford,3–2,Fulham
2023-03-11,Bournemouth,1–0,Liverpool
2023-03-11,Leeds United,2–2,Brighton
2023-03-11,Everton,1–0,Brentford
2023-03-11,Leicester City,1–3,Chelsea
2023-03-11,Tottenham,3–1,Nott'ham Forest
2023-03-11,Crystal Palace,0–1,Manchester City
2023-03-12,Manchester Utd,0–0,Southampton
2023-03-12,Fulham,0–3,Arsenal
2023-03-12,West Ham,1–1,Aston Villa
2023-03-12,Newcastle Utd,2–1,Wolves
2023-03-15,Southampton,0–2,Brentford
2023-03-15,Brighton,1–0,Crystal Palace
2023-03-17,Nott'ham Forest,1–2,Newcastle Utd
2023-03-18,Wolves,2–4,Leeds United
2023-03-18,Brentford,1–1,Leicester City
2023-03-18,Aston Villa,3–0,Bournemouth
2023-03-18,Southampton,3–3,Tottenham
2023-03-18,Chelsea,2–2,Everton
2023-03-19,Arsenal,4–1,Crystal Palace
2023-04-01,Manchester City,4–1,Liverpool
2023-04-01,Arsenal,4–1,Leeds United
2023-04-01,Nott'ham Forest,1–1,Wolves
2023-04-01,Brighton,3–3,Brentford
2023-04-01,Crystal Palace,2–1,Leicester City
2023-04-01,Bournemouth,2–1,Fulham
2023-04-01,Chelsea,0–2,Aston Villa
2023-04-02,West Ham,1–0,Southampton
2023-04-02,Newcastle Utd,2–0,Manchester Utd
2023-04-03,Everton,1–1,Tottenham
2023-04-04,Leeds United,2–1,Nott'ham Forest
2023-04-04,Bournemouth,0–2,Brighton
2023-04-04,Leicester City,1–2,Aston Villa
2023-04-04,Chelsea,0–0,Liverpool
2023-04-05,West Ham,1–5,Newcastle Utd
2023-04-05,Manchester Utd,1–0,Brentford
2023-04-08,Manchester Utd,2–0,Everton
2023-04-08,Fulham,0–1,West Ham
2023-04-08,Aston Villa,2–0,Nott'ham Forest
2023-04-08,Leicester City,0–1,Bournemouth
2023-04-08,Brentford,1–2,Newcastle Utd
2023-04-08,Wolves,1–0,Chelsea
2023-04-08,Tottenham,2–1,Brighton
2023-04-08,Southampton,1–4,Manchester City
2023-04-09,Leeds United,1–5,Crystal Palace
2023-04-09,Liverpool,2–2,Arsenal
2023-04-15,Aston Villa,3–0,Newcastle Utd
2023-04-15,Chelsea,1–2,Brighton
2023-04-15,Southampton,0–2,Crystal Palace
2023-04-15,Wolves,2–0,Brentford
2023-04-15,Tottenham,2–3,Bournemouth
2023-04-15,Everton,1–3,Fulham
2023-04-15,Manchester City,3–1,Leicester City
2023-04-16,West Ham,2–2,Arsenal
2023-04-16,Nott'ham Forest,0–2,Manchester Utd
2023-04-17,Leeds United,1–6,Liverpool
2023-04-21,Arsenal,3–3,Southampton
2023-04-22,Fulham,2–1,Leeds United
2023-04-22,Crystal Palace,0–0,Everton
2023-04-22,Brentford,1–1,Aston Villa
2023-04-22,Liverpool,3–2,Nott'ham Forest
2023-04-22,Leicester City,2–1,Wolves
2023-04-23,Bournemouth,0–4,West Ham
2023-04-23,Newcastle Utd,6–1,Tottenham
2023-04-25,Wolves,2–0,Crystal Palace
2023-04-25,Aston Villa,1–0,Fulham
2023-04-25,Leeds United,1–1,Leicester City
2023-04-26,Nott'ham Forest,3–1,Brighton
2023-04-26,Chelsea,0–2,Brentford
2023-04-26,West Ham,1–2,Liverpool
2023-04-26,Manchester City,4–1,Arsenal
2023-04-27,Everton,1–4,Newcastle Utd
2023-04-27,Southampton,0–1,Bournemouth
2023-04-27,Tottenham,2–2,Manchester Utd
2023-04-29,Crystal Palace,4–3,West Ham
2023-04-29,Brighton,6–0,Wolves
2023-04-29,Brentford,2–1,Nott'ham Forest
2023-04-30,Manchester Utd,1–0,Aston Villa
2023-04-30,Bournemouth,4–1,Leeds United
2023-04-30,Newcastle Utd,3–1,Southampton
2023-04-30,Fulham,1–2,Manchester City
2023-04-30,Liverpool,4–3,Tottenham
2023-05-01,Leicester City,2–2,Everton
2023-05-02,Arsenal,3–1,Chelsea
2023-05-03,Liverpool,1–0,Fulham
2023-05-03,Manchester City,3–0,West Ham
2023-05-04,Brighton,1–0,Manchester Utd
2023-05-06,Tottenham,1–0,Crystal Palace
2023-05-06,Wolves,1–0,Aston Villa
2023-05-06,Bournemouth,1–3,Chelsea
2023-05-06,Manchester City,2–1,Leeds United
2023-05-06,Liverpool,1–0,Brentford
2023-05-07,Newcastle Utd,0–2,Arsenal
2023-05-07,West Ham,1–0,Manchester Utd
2023-05-08,Fulham,5–3,Leicester City
2023-05-08,Brighton,1–5,Everton
2023-05-08,Nott'ham Forest,4–3,Southampton
2023-05-13,Leeds United,2–2,Newcastle Utd
2023-05-13,Aston Villa,2–1,Tottenham
2023-05-13,Chelsea,2–2,Nott'ham Forest
2023-05-13,Crystal Palace,2–0,Bournemouth
2023-05-13,Southampton,0–2,Fulham
2023-05-13,Manchester Utd,2–0,Wolves
2023-05-14,Everton,0–3,Manchester City
2023-05-14,Brentford,2–0,West Ham
2023-05-14,Arsenal,0–3,Brighton
2023-05-15,Leicester City,0–3,Liverpool
2023-05-18,Newcastle Utd,4–1,Brighton
2023-05-20,Tottenham,1–3,Brentford
2023-05-20,Liverpool,1–1,Aston Villa
2023-05-20,Fulham,2–2,Crystal Palace
2023-05-20,Bournemouth,0–1,Manchester Utd
2023-05-20,Wolves,1–1,Everton
2023-05-20,Nott'ham Forest,1–0,Arsenal
2023-05-21,West Ham,3–1,Leeds United
2023-05-21,Brighton,3–1,Southampton
2023-05-21,Manchester City,1–0,Chelsea
2023-05-22,Newcastle Utd,0–0,Leicester City
2023-05-24,Brighton,1–1,Manchester City
2023-05-25,Manchester Utd,4–1,Chelsea
2023-05-28,Crystal Palace,1–1,Nott'ham Forest
2023-05-28,Chelsea,1–1,Newcastle Utd
2023-05-28,Manchester Utd,2–1,Fulham
2023-05-28,Arsenal,5–0,Wolves
2023-05-28,Southampton,4–4,Liverpool
2023-05-28,Everton,1–0,Bournemouth
2023-05-28,Leicester City,2–1,West Ham
2023-05-28,Aston Villa,2–1,Brighton
2023-05-28,Leeds United,1–4,Tottenham
2023-05-28,Brentford,1–0,Manchester City
2023-08-11,Burnley,0–3,Manchester City
2023-08-12,Arsenal,2–1,Nott'ham Forest
2023-08-12,Everton,0–1,Fulham
2023-08-12,Sheffield Utd,0–1,Crystal Palace
2023-08-12,Brighton,4–1,Luton Town
2023-08-12,Bournemouth,1–1,West Ham
2023-08-12,Newcastle Utd,5–1,Aston Villa
2023-08-13,Brentford,2–2,Tottenham
2023-08-13,Chelsea,1–1,Liverpool
2023-08-14,Manchester Utd,1–0,Wolves
2023-08-18,Nott'ham Forest,2–1,Sheffield Utd
2023-08-19,Fulham,0–3,Brentford
2023-08-19,Liverpool,3–1,Bournemouth
2023-08-19,Wolves,1–4,Brighton
2023-08-19,Tottenham,2–0,Manchester Utd
2023-08-19,Manchester City,1–0,Newcastle Utd
2023-08-20,Aston Villa,4–0,Everton
2023-08-20,West Ham,3–1,Chelsea
2023-08-21,Crystal Palace,0–1,Arsenal
2023-08-25,Chelsea,3–0,Luton Town
2023-08-26,Bournemouth,0–2,Tottenham
2023-08-26,Everton,0–1,Wolves
2023-08-26,Brentford,1–1,Crystal Palace
2023-08-26,Manchester Utd,3–2,Nott'ham Forest
2023-08-26,Arsenal,2–2,Fulham
2023-08-26,Brighton,1–3,West Ham
2023-08-27,Sheffield Utd,1–2,Manchester City
2023-08-27,Burnley,1–3,Aston Villa
2023-08-27,Newcastle Utd,1–2,Liverpool
2023-09-01,Luton Town,1–2,West Ham
2023-09-02,Sheffield Utd,2–2,Everton
2023-09-02,Chelsea,0–1,Nott'ham Forest
2023-09-02,Manchester City,5–1,Fulham
2023-09-02,Brentford,2–2,Bournemouth
2023-09-02,Burnley,2–5,Tottenham
2023-09-02,Brighton,3–1,Newcastle Utd
2023-09-03,Liverpool,3–0,Aston Villa
2023-09-03,Crystal Palace,3–2,Wolves
2023-09-03,Arsenal,3–1,Manchester Utd
2023-09-16,Wolves,1–3,Liverpool
2023-09-16,Fulham,1–0,Luton Town
2023-09-16,West Ham,1–3,Manchester City
2023-09-16,Aston Villa,3–1,Crystal Palace
2023-09-16,Manchester Utd,1–3,Brighton
2023-09-16,Tottenham,2–1,Sheffield Utd
2023-09-16,Newcastle Utd,1–0,Brentford
2023-09-17,Bournemouth,0–0,Chelsea
2023-09-17,Everton,0–1,Arsenal
2023-09-18,Nott'ham Forest,1–1,Burnley
2023-09-23,Manchester City,2–0,Nott'ham Forest
2023-09-23,Luton Town,1–1,Wolves
2023-09-23,Crystal Palace,0–0,Fulham
2023-09-23,Brentford,1–3,Everton
2023-09-23,Burnley,0–1,Manchester Utd
2023-09-24,Arsenal,2–2,Tottenham
2023-09-24,Brighton,3–1,Bournemouth
2023-09-24,Chelsea,0–1,Aston Villa
2023-09-24,Liverpool,3–1,West Ham
2023-09-24,Sheffield Utd,0–8,Newcastle Utd
2023-09-30,Aston Villa,6–1,Brighton
2023-09-30,Wolves,2–1,Manchester City
2023-09-30,Bournemouth,0–4,Arsenal
2023-09-30,Everton,1–2,Luton Town
2023-09-30,Newcastle Utd,2–0,Burnley
2023-09-30,West Ham,2–0,Sheffield Utd
2023-09-30,Manchester Utd,0–1,Crystal Palace
2023-09-30,Tottenham,2–1,Liverpool
2023-10-01,Nott'ham Forest,1–1,Brentford
2023-10-02,Fulham,0–2,Chelsea
2023-10-03,Luton Town,1–2,Burnley
2023-10-07,Luton Town,0–1,Tottenham
2023-10-07,Everton,3–0,Bournemouth
2023-10-07,Manchester Utd,2–1,Brentford
2023-10-07,Burnley,1–4,Chelsea
2023-10-07,Fulham,3–1,Sheffield Utd
2023-10-07,Crystal Palace,0–0,Nott'ham Forest
2023-10-08,West Ham,2–2,Newcastle Utd
2023-10-08,Wolves,1–1,Aston Villa
2023-10-08,Brighton,2–2,Liverpool
2023-10-08,Arsenal,1–0,Manchester City
2023-10-21,Liverpool,2–0,Everton
2023-10-21,Bournemouth,1–2,Wolves
2023-10-21,Newcastle Utd,4–0,Crystal Palace
2023-10-21,Brentford,3–0,Burnley
2023-10-21,Manchester City,2–1,Brighton
2023-10-21,Nott'ham Forest,2–2,Luton Town
2023-10-21,Chelsea,2–2,Arsenal
2023-10-21,Sheffield Utd,1–2,Manchester Utd
2023-10-22,Aston Villa,4–1,West Ham
2023-10-23,Tottenham,2–0,Fulham
2023-10-27,Crystal Palace,1–2,Tottenham
2023-10-28,Chelsea,0–2,Brentford
2023-10-28,Bournemouth,2–1,Burnley
2023-10-28,Arsenal,5–0,Sheffield Utd
2023-10-28,Wolves,2–2,Newcastle Utd
2023-10-29,West Ham,0–1,Everton
2023-10-29,Liverpool,3–0,Nott'ham Forest
2023-10-29,Brighton,1–1,Fulham
2023-10-29,Aston Villa,3–1,Luton Town
2023-10-29,Manchester Utd,0–3,Manchester City
2023-11-04,Fulham,0–1,Manchester Utd
2023-11-04,Brentford,3–2,West Ham
2023-11-04,Everton,1–1,Brighton
2023-11-04,Burnley,0–2,Crystal Palace
2023-11-04,Manchester City,6–1,Bournemouth
2023-11-04,Sheffield Utd,2–1,Wolves
2023-11-04,Newcastle Utd,1–0,Arsenal
2023-11-05,Nott'ham Forest,2–0,Aston Villa
2023-11-05,Luton Town,1–1,Liverpool
2023-11-06,Tottenham,1–4,Chelsea
2023-11-11,Wolves,2–1,Tottenham
2023-11-11,Arsenal,3–1,Burnley
2023-11-11,Manchester Utd,1–0,Luton Town
2023-11-11,Crystal Palace,2–3,Everton
2023-11-11,Bournemouth,2–0,Newcastle Utd
2023-11-12,West Ham,3–2,Nott'ham Forest
2023-11-12,Liverpool,3–0,Brentford
2023-11-12,Aston Villa,3–1,Fulham
2023-11-12,Brighton,1–1,Sheffield Utd
2023-11-12,Chelsea,4–4,Manchester City
2023-11-25,Manchester City,1–1,Liverpool
2023-11-25,Burnley,1–2,West Ham
2023-11-25,Nott'ham Forest,2–3,Brighton
2023-11-25,Sheffield Utd,1–3,Bournemouth
2023-11-25,Newcastle Utd,4–1,Chelsea
2023-11-25,Luton Town,2–1,Crystal Palace
2023-11-25,Brentford,0–1,Arsenal
2023-11-26,Tottenham,1–2,Aston Villa
2023-11-26,Everton,0–3,Manchester Utd
2023-11-27,Fulham,3–2,Wolves
2023-12-02,Brentford,3–1,Luton Town
2023-12-02,Arsenal,2–1,Wolves
2023-12-02,Burnley,5–0,Sheffield Utd
2023-12-02,Nott'ham Forest,0–1,Everton
2023-12-02,Newcastle Utd,1–0,Manchester Utd
2023-12-03,Bournemouth,2–2,Aston Villa
2023-12-03,Liverpool,4–3,Fulham
2023-12-03,Chelsea,3–2,Brighton
2023-12-03,West Ham,1–1,Crystal Palace
2023-12-03,Manchester City,3–3,Tottenham
2023-12-05,Wolves,1–0,Burnley
2023-12-05,Luton Town,3–4,Arsenal
2023-12-06,Sheffield Utd,0–2,Liverpool
2023-12-06,Crystal Palace,0–2,Bournemouth
2023-12-06,Brighton,2–1,Brentford
2023-12-06,Fulham,5–0,Nott'ham Forest
2023-12-06,Aston Villa,1–0,Manchester City
2023-12-06,Manchester Utd,2–1,Chelsea
2023-12-07,Everton,3–0,Newcastle Utd
2023-12-07,Tottenham,1–2,West Ham
2023-12-09,Crystal Palace,1–2,Liverpool
2023-12-09,Manchester Utd,0–3,Bournemouth
2023-12-09,Wolves,1–1,Nott'ham Forest
2023-12-09,Brighton,1–1,Burnley
2023-12-09,Sheffield Utd,1–0,Brentford
2023-12-09,Aston Villa,1–0,Arsenal
2023-12-10,Everton,2–0,Chelsea
2023-12-10,Fulham,5–0,West Ham
2023-12-10,Luton Town,1–2,Manchester City
2023-12-10,Tottenham,4–1,Newcastle Utd
2023-12-15,Nott'ham Forest,0–2,Tottenham
2023-12-16,Manchester City,2–2,Crystal Palace
2023-12-16,Chelsea,2–0,Sheffield Utd
2023-12-16,Newcastle Utd,3–0,Fulham
2023-12-16,Burnley,0–2,Everton
2023-12-17,Brentford,1–2,Aston Villa
2023-12-17,West Ham,3–0,Wolves
2023-12-17,Arsenal,2–0,Brighton
2023-12-17,Liverpool,0–0,Manchester Utd
2023-12-21,Crystal Palace,1–1,Brighton
2023-12-22,Aston Villa,1–1,Sheffield Utd
2023-12-23,West Ham,2–0,Manchester Utd
2023-12-23,Luton Town,1–0,Newcastle Utd
2023-12-23,Fulham,0–2,Burnley
2023-12-23,Tottenham,2–1,Everton
2023-12-23,Nott'ham Forest,2–3,Bournemouth
2023-12-23,Liverpool,1–1,Arsenal
2023-12-24,Wolves,2–1,Chelsea
2023-12-26,Newcastle Utd,1–3,Nott'ham Forest
2023-12-26,Bournemouth,3–0,Fulham
2023-12-26,Sheffield Utd,2–3,Luton Town
2023-12-26,Burnley,0–2,Liverpool
2023-12-26,Manchester Utd,3–2,Aston Villa
2023-12-27,Chelsea,2–1,Crystal Palace
2023-12-27,Brentford,1–4,Wolves
2023-12-27,Everton,1–3,Manchester City
2023-12-28,Brighton,4–2,Tottenham
2023-12-28,Arsenal,0–2,West Ham
2023-12-30,Luton Town,2–3,Chelsea
2023-12-30,Aston Villa,3–2,Burnley
2023-12-30,Wolves,3–0,Everton
2023-12-30,Manchester City,2–0,Sheffield Utd
2023-12-30,Crystal Palace,3–1,Brentford
2023-12-30,Nott'ham Forest,2–1,Manchester Utd
2023-12-31,Tottenham,3–1,Bournemouth
2023-12-31,Fulham,2–1,Arsenal
2024-01-01,Liverpool,4–2,Newcastle Utd
2024-01-02,West Ham,0–0,Brighton
2024-01-12,Burnley,1–1,Luton Town
2024-01-13,Chelsea,1–0,Fulham
2024-01-13,Newcastle Utd,2–3,Manchester City
2024-01-14,Everton,0–0,Aston Villa
2024-01-14,Manchester Utd,2–2,Tottenham
2024-01-20,Arsenal,5–0,Crystal Palace
2024-01-20,Brentford,3–2,Nott'ham Forest
2024-01-21,Sheffield Utd,2–2,West Ham
2024-01-21,Bournemouth,0–4,Liverpool
2024-01-22,Brighton,0–0,Wolves
2024-01-30,Nott'ham Forest,1–2,Arsenal
2024-01-30,Fulham,0–0,Everton
2024-01-30,Luton Town,4–0,Brighton
2024-01-30,Crystal Palace,3–2,Sheffield Utd
2024-01-30,Aston Villa,1–3,Newcastle Utd
2024-01-31,Tottenham,3–2,Brentford
2024-01-31,Manchester City,3–1,Burnley
2024-01-31,Liverpool,4–1,Chelsea
2024-02-01,West Ham,1–1,Bournemouth
2024-02-01,Wolves,3–4,Manchester Utd
2024-02-03,Everton,2–2,Tottenham
2024-02-03,Newcastle Utd,4–4,Luton Town
2024-02-03,Brighton,4–1,Crystal Palace
2024-02-03,Burnley,2–2,Fulham
2024-02-03,Sheffield Utd,0–5,Aston Villa
2024-02-04,Bournemouth,1–1,Nott'ham Forest
2024-02-04,Manchester Utd,3–0,West Ham
2024-02-04,Chelsea,2–4,Wolves
2024-02-04,Arsenal,3–1,Liverpool
2024-02-05,Brentford,1–3,Manchester City
2024-02-10,Manchester City,2–0,Everton
2024-02-10,Luton Town,1–3,Sheffield Utd
2024-02-10,Liverpool,3–1,Burnley
2024-02-10,Wolves,0–2,Brentford
2024-02-10,Fulham,3–1,Bournemouth
2024-02-10,Tottenham,2–1,Brighton
2024-02-10,Nott'ham Forest,2–3,Newcastle Utd
2024-02-11,West Ham,0–6,Arsenal
2024-02-11,Aston Villa,1–2,Manchester Utd
2024-02-12,Crystal Palace,1–3,Chelsea
2024-02-17,Brentford,1–4,Liverpool
2024-02-17,Newcastle Utd,2–2,Bournemouth
2024-02-17,Tottenham,1–2,Wolves
2024-02-17,Burnley,0–5,Arsenal
2024-02-17,Fulham,1–2,Aston Villa
2024-02-17,Nott'ham Forest,2–0,West Ham
2024-02-17,Manchester City,1–1,Chelsea
2024-02-18,Sheffield Utd,0–5,Brighton
2024-02-18,Luton Town,1–2,Manchester Utd
2024-02-19,Everton,1–1,Crystal Palace
2024-02-20,Manchester City,1–0,Brentford
2024-02-21,Liverpool,4–1,Luton Town
2024-02-24,Manchester Utd,1–2,Fulham
2024-02-24,Crystal Palace,3–0,Burnley
2024-02-24,Brighton,1–1,Everton
2024-02-24,Aston Villa,4–2,Nott'ham Forest
2024-02-24,Bournemouth,0–1,Manchester City
2024-02-24,Arsenal,4–1,Newcastle Utd
2024-02-25,Wolves,1–0,Sheffield Utd
2024-02-26,West Ham,4–2,Brentford
2024-03-02,Fulham,3–0,Brighton
2024-03-02,Tottenham,3–1,Crystal Palace
2024-03-02,Brentford,2–2,Chelsea
2024-03-02,Newcastle Utd,3–0,Wolves
2024-03-02,Nott'ham Forest,0–1,Liverpool
2024-03-02,Everton,1–3,West Ham
2024-03-02,Luton Town,2–3,Aston Villa
2024-03-03,Burnley,0–2,Bournemouth
2024-03-03,Manchester City,3–1,Manchester Utd
2024-03-04,Sheffield Utd,0–6,Arsenal
2024-03-09,Manchester Utd,2–0,Everton
2024-03-09,Bournemouth,2–2,Sheffield Utd
2024-03-09,Wolves,2–1,Fulham
2024-03-09,Crystal Palace,1–1,Luton Town
2024-03-09,Arsenal,2–1,Brentford
2024-03-10,Aston Villa,0–4,Tottenham
2024-03-10,West Ham,2–2,Burnley
2024-03-10,Brighton,1–0,Nott'ham Forest
2024-03-10,Liverpool,1–1,Manchester City
2024-03-11,Chelsea,3–2,Newcastle Utd
2024-03-13,Bournemouth,4–3,Luton Town
2024-03-16,Luton Town,1–1,Nott'ham Forest
2024-03-16,Burnley,2–1,Brentford
2024-03-16,Fulham,3–0,Tottenham
2024-03-17,West Ham,1–1,Aston Villa
2024-03-30,Newcastle Utd,4–3,West Ham
2024-03-30,Bournemouth,2–1,Everton
2024-03-30,Tottenham,2–1,Luton Town
2024-03-30,Nott'ham Forest,1–1,Crystal Palace
2024-03-30,Sheffield Utd,3–3,Fulham
2024-03-30,Chelsea,2–2,Burnley
2024-03-30,Aston Villa,2–0,Wolves
2024-03-30,Brentford,1–1,Manchester Utd
2024-03-31,Liverpool,2–1,Brighton
2024-03-31,Manchester City,0–0,Arsenal
2024-04-02,Newcastle Utd,1–1,Everton
2024-04-02,Nott'ham Forest,3–1,Fulham
2024-04-02,Bournemouth,1–0,Crystal Palace
2024-04-02,Burnley,1–1,Wolves
2024-04-02,West Ham,1–1,Tottenham
2024-04-03,Arsenal,2–0,Luton Town
2024-04-03,Brentford,0–0,Brighton
2024-04-03,Manchester City,4–1,Aston Villa
2024-04-04,Liverpool,3–1,Sheffield Utd
2024-04-04,Chelsea,4–3,Manchester Utd
2024-04-06,Crystal Palace,2–4,Manchester City
2024-04-06,Luton Town,2–1,Bournemouth
2024-04-06,Wolves,1–2,West Ham
2024-04-06,Fulham,0–1,Newcastle Utd
2024-04-06,Everton,1–0,Burnley
2024-04-06,Aston Villa,3–3,Brentford
2024-04-06,Brighton,0–3,Arsenal
2024-04-07,Manchester Utd,2–2,Liverpool
2024-04-07,Sheffield Utd,2–2,Chelsea
2024-04-07,Tottenham,3–1,Nott'ham Forest
2024-04-13,Newcastle Utd,4–0,Tottenham
2024-04-13,Manchester City,5–1,Luton Town
2024-04-13,Nott'ham Forest,2–2,Wolves
2024-04-13,Brentford,2–0,Sheffield Utd
2024-04-13,Burnley,1–1,Brighton
2024-04-13,Bournemouth,2–2,Manchester Utd
2024-04-14,Liverpool,0–1,Crystal Palace
2024-04-14,West Ham,0–2,Fulham
2024-04-14,Arsenal,0–2,Aston Villa
2024-04-15,Chelsea,6–0,Everton
2024-04-20,Luton Town,1–5,Brentford
2024-04-20,Sheffield Utd,1–4,Burnley
2024-04-20,Wolves,0–2,Arsenal
2024-04-21,Everton,2–0,Nott'ham Forest
2024-04-21,Aston Villa,3–1,Bournemouth
2024-04-21,Crystal Palace,5–2,West Ham
2024-04-21,Fulham,1–3,Liverpool
2024-04-23,Arsenal,5–0,Chelsea
2024-04-24,Wolves,0–1,Bournemouth
2024-04-24,Manchester Utd,4–2,Sheffield Utd
2024-04-24,Everton,2–0,Liverpool
2024-04-24,Crystal Palace,2–0,Newcastle Utd
2024-04-25,Brighton,0–4,Manchester City
2024-04-27,West Ham,2–2,Liverpool
2024-04-27,Wolves,2–1,Luton Town
2024-04-27,Fulham,1–1,Crystal Palace
2024-04-27,Manchester Utd,1–1,Burnley
2024-04-27,Newcastle Utd,5–1,Sheffield Utd
2024-04-27,Everton,1–0,Brentford
2024-04-27,Aston Villa,2–2,Chelsea
2024-04-28,Tottenham,2–3,Arsenal
2024-04-28,Bournemouth,3–0,Brighton
2024-04-28,Nott'ham Forest,0–2,Manchester City
2024-05-02,Chelsea,2–0,Tottenham
2024-05-03,Luton Town,1–1,Everton
2024-05-04,Arsenal,3–0,Bournemouth
2024-05-04,Burnley,1–4,Newcastle Utd
2024-05-04,Sheffield Utd,1–3,Nott'ham Forest
2024-05-04,Brentford,0–0,Fulham
2024-05-04,Manchester City,5–1,Wolves
2024-05-05,Brighton,1–0,Aston Villa
2024-05-05,Chelsea,5–0,West Ham
2024-05-05,Liverpool,4–2,Tottenham
2024-05-06,Crystal Palace,4–0,Manchester Utd
2024-05-11,Fulham,0–4,Manchester City
2024-05-11,Wolves,1–3,Crystal Palace
2024-05-11,West Ham,3–1,Luton Town
2024-05-11,Tottenham,2–1,Burnley
2024-05-11,Everton,1–0,Sheffield Utd
2024-05-11,Newcastle Utd,1–1,Brighton
2024-05-11,Bournemouth,1–2,Brentford
2024-05-11,Nott'ham Forest,2–3,Chelsea
2024-05-12,Manchester Utd,0–1,Arsenal
2024-05-13,Aston Villa,3–3,Liverpool
2024-05-14,Tottenham,0–2,Manchester City
2024-05-15,Brighton,1–2,Chelsea
2024-05-15,Manchester Utd,3–2,Newcastle Utd
2024-05-19,Luton Town,2–4,Fulham
2024-05-19,Sheffield Utd,0–3,Tottenham
2024-05-19,Manchester City,3–1,West Ham
2024-05-19,Arsenal,2–1,Everton
2024-05-19,Brighton,0–2,Manchester Utd
2024-05-19,Brentford,2–4,Newcastle Utd
2024-05-19,Chelsea,2–1,Bournemouth
2024-05-19,Crystal Palace,5–0,Aston Villa
2024-05-19,Liverpool,2–0,Wolves
2024-05-19,Burnley,1–2,Nott'ham Forest
2024-08-16,Manchester Utd,1–0,Fulham
2024-08-17,Ipswich Town,0–2,Liverpool
2024-08-17,Newcastle Utd,1–0,Southampton
2024-08-17,Nott'ham Forest,1–1,Bournemouth
2024-08-17,Everton,0–3,Brighton
2024-08-17,Arsenal,2–0,Wolves
2024-08-17,West Ham,1–2,Aston Villa
2024-08-18,Brentford,2–1,Crystal Palace
2024-08-18,Chelsea,0–2,Manchester City
2024-08-19,Leicester City,1–1,Tottenham
2024-08-24,Brighton,2–1,Manchester Utd
2024-08-24,Tottenham,4–0,Everton
2024-08-24,Fulham,2–1,Leicester City
2024-08-24,Crystal Palace,0–2,West Ham
2024-08-24,Manchester City,4–1,Ipswich Town
2024-08-24,Southampton,0–1,Nott'ham Forest
2024-08-24,Aston Villa,0–2,Arsenal
2024-08-25,Bournemouth,1–1,Newcastle Utd
2024-08-25,Wolves,2–6,Chelsea
2024-08-25,Liverpool,2–0,Brentford
2024-08-31,Arsenal,1–1,Brighton
2024-08-31,Everton,2–3,Bournemouth
2024-08-31,Leicester City,1–2,Aston Villa
2024-08-31,Nott'ham Forest,1–1,Wolves
2024-08-31,Ipswich Town,1–1,Fulham
2024-08-31,Brentford,3–1,Southampton
2024-08-31,West Ham,1–3,Manchester City
2024-09-01,Newcastle Utd,2–1,Tottenham
2024-09-01,Chelsea,1–1,Crystal Palace
2024-09-01,Manchester Utd,0–3,Liverpool
2024-09-14,Southampton,0–3,Manchester Utd
2024-09-14,Brighton,0–0,Ipswich Town
2024-09-14,Crystal Palace,2–2,Leicester City
2024-09-14,Manchester City,2–1,Brentford
2024-09-14,Liverpool,0–1,Nott'ham Forest
2024-09-14,Fulham,1–1,West Ham
2024-09-14,Aston Villa,3–2,Everton
2024-09-14,Bournemouth,0–1,Chelsea
2024-09-15,Tottenham,0–1,Arsenal
2024-09-15,Wolves,1–2,Newcastle Utd
2024-09-21,West Ham,0–3,Chelsea
2024-09-21,Liverpool,3–0,Bournemouth
2024-09-21,Leicester City,1–1,Everton
2024-09-21,Southampton,1–1,Ipswich Town
2024-09-21,Tottenham,3–1,Brentford
2024-09-21,Fulham,3–1,Newcastle Utd
2024-09-21,Aston Villa,3–1,Wolves
2024-09-21,Crystal Palace,0–0,Manchester Utd
2024-09-22,Brighton,2–2,Nott'ham Forest
2024-09-22,Manchester City,2–2,Arsenal
2024-09-28,Newcastle Utd,1–1,Manchester City
2024-09-28,Chelsea,4–2,Brighton
2024-09-28,Arsenal,4–2,Leicester City
2024-09-28,Brentford,1–1,West Ham
2024-09-28,Everton,2–1,Crystal Palace
2024-09-28,Nott'ham Forest,0–1,Fulham
2024-09-28,Wolves,1–2,Liverpool
2024-09-29,Ipswich Town,2–2,Aston Villa
2024-09-29,Manchester Utd,0–3,Tottenham
2024-09-30,Bournemouth,3–1,Southampton
2024-10-05,Crystal Palace,0–1,Liverpool
2024-10-05,Manchester City,3–2,Fulham
2024-10-05,Brentford,5–3,Wolves
2024-10-05,West Ham,4–1,Ipswich Town
2024-10-05,Arsenal,3–1,Southampton
2024-10-05,Leicester City,1–0,Bournemouth
2024-10-05,Everton,0–0,Newcastle Utd
2024-10-06,Aston Villa,0–0,Manchester Utd
2024-10-06,Chelsea,1–1,Nott'ham Forest
2024-10-06,Brighton,3–2,Tottenham
2024-10-19,Tottenham,4–1,West Ham
2024-10-19,Southampton,2–3,Leicester City
2024-10-19,Ipswich Town,0–2,Everton
2024-10-19,Newcastle Utd,0–1,Brighton
2024-10-19,Fulham,1–3,Aston Villa
2024-10-19,Manchester Utd,2–1,Brentford
2024-10-19,Bournemouth,2–0,Arsenal
2024-10-20,Wolves,1–2,Manchester City
2024-10-20,Liverpool,2–1,Chelsea
2024-10-21,Nott'ham Forest,1–0,Crystal Palace
2024-10-25,Leicester City,1–3,Nott'ham Forest
2024-10-26,Brentford,4–3,Ipswich Town
2024-10-26,Brighton,2–2,Wolves
2024-10-26,Manchester City,1–0,Southampton
2024-10-26,Aston Villa,1–1,Bournemouth
2024-10-26,Everton,1–1,Fulham
2024-10-27,Chelsea,2–1,Newcastle Utd
2024-10-27,West Ham,2–1,Manchester Utd
2024-10-27,Crystal Palace,1–0,Tottenham
2024-10-27,Arsenal,2–2,Liverpool
2024-11-02,Newcastle Utd,1–0,Arsenal
2024-11-02,Southampton,1–0,Everton
2024-11-02,Liverpool,2–1,Brighton
2024-11-02,Nott'ham Forest,3–0,West Ham
2024-11-02,Ipswich Town,1–1,Leicester City
2024-11-02,Bournemouth,2–1,Manchester City
2024-11-02,Wolves,2–2,Crystal Palace
2024-11-03,Tottenham,4–1,Aston Villa
2024-11-03,Manchester Utd,1–1,Chelsea
2024-11-04,Fulham,2–1,Brentford
2024-11-09,Brentford,3–2,Bournemouth
2024-11-09,West Ham,0–0,Everton
2024-11-09,Crystal Palace,0–2,Fulham
2024-11-09,Wolves,2–0,Southampton
2024-11-09,Brighton,2–1,Manchester City
2024-11-09,Liverpool,2–0,Aston Villa
2024-11-10,Manchester Utd,3–0,Leicester City
2024-11-10,Nott'ham Forest,1–3,Newcastle Utd
2024-11-10,Tottenham,1–2,Ipswich Town
2024-11-10,Chelsea,1–1,Arsenal
2024-11-23,Leicester City,1–2,Chelsea
2024-11-23,Arsenal,3–0,Nott'ham Forest
2024-11-23,Bournemouth,1–2,Brighton
2024-11-23,Aston Villa,2–2,Crystal Palace
2024-11-23,Everton,0–0,Brentford
2024-11-23,Fulham,1–4,Wolves
2024-11-23,Manchester City,0–4,Tottenham
2024-11-24,Southampton,2–3,Liverpool
2024-11-24,Ipswich Town,1–1,Manchester Utd
2024-11-25,Newcastle Utd,0–2,West Ham
2024-11-29,Brighton,1–1,Southampton
2024-11-30,Crystal Palace,1–1,Newcastle Utd
2024-11-30,Wolves,2–4,Bournemouth
2024-11-30,Nott'ham Forest,1–0,Ipswich Town
2024-11-30,Brentford,4–1,Leicester City
2024-11-30,West Ham,2–5,Arsenal
2024-12-01,Chelsea,3–0,Aston Villa
2024-12-01,Tottenham,1–1,Fulham
2024-12-01,Manchester Utd,4–0,Everton
2024-12-01,Liverpool,2–0,Manchester City
2024-12-03,Ipswich Town,0–1,Crystal Palace
2024-12-03,Leicester City,3–1,West Ham
2024-12-04,Everton,4–0,Wolves
2024-12-04,Newcastle Utd,3–3,Liverpool
2024-12-04,Manchester City,3–0,Nott'ham Forest
2024-12-04,Southampton,1–5,Chelsea
2024-12-04,Arsenal,2–0,Manchester Utd
2024-12-04,Aston Villa,3–1,Brentford
2024-12-05,Fulham,3–1,Brighton
2024-12-05,Bournemouth,1–0,Tottenham
2024-12-07,Everton,,Liverpool
2024-12-07,Brentford,4–2,Newcastle Utd
2024-12-07,Crystal Palace,2–2,Manchester City
2024-12-07,Aston Villa,1–0,Southampton
2024-12-07,Manchester Utd,2–3,Nott'ham Forest
2024-12-08,Fulham,1–1,Arsenal
2024-12-08,Ipswich Town,1–2,Bournemouth
2024-12-08,Leicester City,2–2,Brighton
2024-12-08,Tottenham,3–4,Chelsea
2024-12-09,West Ham,2–1,Wolves
2024-12-14,Newcastle Utd,4–0,Leicester City
2024-12-14,Arsenal,0–0,Everton
2024-12-14,Wolves,1–2,Ipswich Town
2024-12-14,Liverpool,2–2,Fulham
2024-12-14,Nott'ham Forest,2–1,Aston Villa
2024-12-15,Brighton,1–3,Crystal Palace
2024-12-15,Manchester City,1–2,Manchester Utd
2024-12-15,Southampton,0–5,Tottenham
2024-12-15,Chelsea,2–1,Brentford
2024-12-16,Bournemouth,1–1,West Ham
2024-12-21,Aston Villa,2–1,Manchester City
2024-12-21,West Ham,1–1,Brighton
2024-12-21,Brentford,0–2,Nott'ham Forest
2024-12-21,Ipswich Town,0–4,Newcastle Utd
2024-12-21,Crystal Palace,1–5,Arsenal
2024-12-22,Manchester Utd,0–3,Bournemouth
2024-12-22,Fulham,0–0,Southampton
2024-12-22,Everton,0–0,Chelsea
2024-12-22,Leicester City,0–3,Wolves
2024-12-22,Tottenham,3–6,Liverpool
2024-12-26,Manchester City,1–1,Everton
2024-12-26,Chelsea,1–2,Fulham
2024-12-26,Southampton,0–1,West Ham
2024-12-26,Bournemouth,0–0,Crystal Palace
2024-12-26,Newcastle Utd,3–0,Aston Villa
2024-12-26,Nott'ham Forest,1–0,Tottenham
2024-12-26,Wolves,2–0,Manchester Utd
2024-12-26,Liverpool,3–1,Leicester City
2024-12-27,Brighton,0–0,Brentford
2024-12-27,Arsenal,1–0,Ipswich Town
2024-12-29,Leicester City,,Manchester City
2024-12-29,Tottenham,,Wolves
2024-12-29,Fulham,,Bournemouth
2024-12-29,Everton,,Nott'ham Forest
2024-12-29,Crystal Palace,,Southampton
2024-12-29,West Ham,,Liverpool
2024-12-30,Aston Villa,,Brighton
2024-12-30,Ipswich Town,,Chelsea
2024-12-30,Manchester Utd,,Newcastle Utd
2025-01-01,Brentford,,Arsenal
2025-01-04,Tottenham,,Newcastle Utd
2025-01-04,Southampton,,Brentford
2025-01-04,Bournemouth,,Everton
2025-01-04,Crystal Palace,,Chelsea
2025-01-04,Manchester City,,West Ham
2025-01-04,Aston Villa,,Leicester City
2025-01-04,Brighton,,Arsenal
2025-01-05,Fulham,,Ipswich Town
2025-01-05,Liverpool,,Manchester Utd
2025-01-06,Wolves,,Nott'ham Forest
2025-01-14,Brentford,,Manchester City
2025-01-14,West Ham,,Fulham
2025-01-14,Chelsea,,Bournemouth
2025-01-14,Nott'ham Forest,,Liverpool
2025-01-15,Everton,,Aston Villa
2025-01-15,Newcastle Utd,,Wolves
2025-01-15,Leicester City,,Crystal Palace
2025-01-15,Arsenal,,Tottenham
2025-01-16,Ipswich Town,,Brighton
2025-01-16,Manchester Utd,,Southampton
2025-01-18,Newcastle Utd,,Bournemouth
2025-01-18,West Ham,,Crystal Palace
2025-01-18,Brentford,,Liverpool
2025-01-18,Leicester City,,Fulham
2025-01-18,Arsenal,,Aston Villa
2025-01-19,Manchester Utd,,Brighton
2025-01-19,Nott'ham Forest,,Southampton
2025-01-19,Everton,,Tottenham
2025-01-19,Ipswich Town,,Manchester City
2025-01-20,Chelsea,,Wolves
2025-01-25,Wolves,,Arsenal
2025-01-25,Southampton,,Newcastle Utd
2025-01-25,Brighton,,Everton
2025-01-25,Liverpool,,Ipswich Town
2025-01-25,Bournemouth,,Nott'ham Forest
2025-01-25,Manchester City,,Chelsea
2025-01-26,Crystal Palace,,Brentford
2025-01-26,Tottenham,,Leicester City
2025-01-26,Aston Villa,,West Ham
2025-01-26,Fulham,,Manchester Utd
2025-02-01,Nott'ham Forest,,Brighton
2025-02-01,Ipswich Town,,Southampton
2025-02-01,Everton,,Leicester City
2025-02-01,Newcastle Utd,,Fulham
2025-02-01,Bournemouth,,Liverpool
2025-02-01,Wolves,,Aston Villa
2025-02-02,Brentford,,Tottenham
2025-02-02,Manchester Utd,,Crystal Palace
2025-02-02,Arsenal,,Manchester City
2025-02-03,Chelsea,,West Ham
2025-02-14,Brighton,,Chelsea
2025-02-15,Leicester City,,Arsenal
2025-02-15,Aston Villa,,Ipswich Town
2025-02-15,Fulham,,Nott'ham Forest
2025-02-15,West Ham,,Brentford
2025-02-15,Manchester City,,Newcastle Utd
2025-02-15,Southampton,,Bournemouth
2025-02-15,Crystal Palace,,Everton
2025-02-16,Liverpool,,Wolves
2025-02-16,Tottenham,,Manchester Utd
2025-02-21,Leicester City,,Brentford
2025-02-22,Everton,,Manchester Utd
2025-02-22,Fulham,,Crystal Palace
2025-02-22,Ipswich Town,,Tottenham
2025-02-22,Bournemouth,,Wolves
2025-02-22,Arsenal,,West Ham
2025-02-22,Southampton,,Brighton
2025-02-22,Aston Villa,,Chelsea
2025-02-23,Newcastle Utd,,Nott'ham Forest
2025-02-23,Manchester City,,Liverpool
2025-02-25,West Ham,,Leicester City
2025-02-25,Brentford,,Everton
2025-02-25,Tottenham,,Manchester City
2025-02-25,Wolves,,Fulham
2025-02-25,Nott'ham Forest,,Arsenal
2025-02-25,Brighton,,Bournemouth
2025-02-25,Crystal Palace,,Aston Villa
2025-02-26,Chelsea,,Southampton
2025-02-26,Liverpool,,Newcastle Utd
2025-02-26,Manchester Utd,,Ipswich Town
2025-03-08,Liverpool,,Southampton
2025-03-08,Chelsea,,Leicester City
2025-03-08,Wolves,,Everton
2025-03-08,West Ham,,Newcastle Utd
2025-03-08,Tottenham,,Bournemouth
2025-03-08,Manchester Utd,,Arsenal
2025-03-08,Crystal Palace,,Ipswich Town
2025-03-08,Nott'ham Forest,,Manchester City
2025-03-08,Brighton,,Fulham
2025-03-08,Brentford,,Aston Villa
2025-03-15,Arsenal,,Chelsea
2025-03-15,Aston Villa,,Liverpool
2025-03-15,Fulham,,Tottenham
2025-03-15,Newcastle Utd,,Crystal Palace
2025-03-15,Leicester City,,Manchester Utd
2025-03-15,Manchester City,,Brighton
2025-03-15,Ipswich Town,,Nott'ham Forest
2025-03-15,Everton,,West Ham
2025-03-15,Southampton,,Wolves
2025-03-15,Bournemouth,,Brentford
2025-04-01,Brighton,,Aston Villa
2025-04-01,Bournemouth,,Ipswich Town
2025-04-01,Wolves,,West Ham
2025-04-01,Arsenal,,Fulham
2025-04-01,Nott'ham Forest,,Manchester Utd
2025-04-02,Southampton,,Crystal Palace
2025-04-02,Chelsea,,Tottenham
2025-04-02,Manchester City,,Leicester City
2025-04-02,Newcastle Utd,,Brentford
2025-04-02,Liverpool,,Everton
2025-04-05,West Ham,,Bournemouth
2025-04-05,Manchester Utd,,Manchester City
2025-04-05,Brentford,,Chelsea
2025-04-05,Aston Villa,,Nott'ham Forest
2025-04-05,Everton,,Arsenal
2025-04-05,Fulham,,Liverpool
2025-04-05,Ipswich Town,,Wolves
2025-04-05,Leicester City,,Newcastle Utd
2025-04-05,Crystal Palace,,Brighton
2025-04-05,Tottenham,,Southampton
2025-04-12,Bournemouth,,Fulham
2025-04-12,Newcastle Utd,,Manchester Utd
2025-04-12,Arsenal,,Brentford
2025-04-12,Liverpool,,West Ham
2025-04-12,Wolves,,Tottenham
2025-04-12,Brighton,,Leicester City
2025-04-12,Manchester City,,Crystal Palace
2025-04-12,Nott'ham Forest,,Everton
2025-04-12,Chelsea,,Ipswich Town
2025-04-12,Southampton,,Aston Villa
2025-04-19,Leicester City,,Liverpool
2025-04-19,Ipswich Town,,Arsenal
2025-04-19,Brentford,,Brighton
2025-04-19,Aston Villa,,Newcastle Utd
2025-04-19,Tottenham,,Nott'ham Forest
2025-04-19,West Ham,,Southampton
2025-04-19,Crystal Palace,,Bournemouth
2025-04-19,Everton,,Manchester City
2025-04-19,Fulham,,Chelsea
2025-04-19,Manchester Utd,,Wolves
2025-04-26,Chelsea,,Everton
2025-04-26,Wolves,,Leicester City
2025-04-26,Newcastle Utd,,Ipswich Town
2025-04-26,Manchester City,,Aston Villa
2025-04-26,Liverpool,,Tottenham
2025-04-26,Arsenal,,Crystal Palace
2025-04-26,Bournemouth,,Manchester Utd
2025-04-26,Southampton,,Fulham
2025-04-26,Nott'ham Forest,,Brentford
2025-04-26,Brighton,,West Ham
2025-05-03,Chelsea,,Liverpool
2025-05-03,Brentford,,Manchester Utd
2025-05-03,Manchester City,,Wolves
2025-05-03,West Ham,,Tottenham
2025-05-03,Crystal Palace,,Nott'ham Forest
2025-05-03,Arsenal,,Bournemouth
2025-05-03,Everton,,Ipswich Town
2025-05-03,Aston Villa,,Fulham
2025-05-03,Brighton,,Newcastle Utd
2025-05-03,Leicester City,,Southampton
2025-05-10,Liverpool,,Arsenal
2025-05-10,Southampton,,Manchester City
2025-05-10,Tottenham,,Crystal Palace
2025-05-10,Fulham,,Everton
2025-05-10,Newcastle Utd,,Chelsea
2025-05-10,Nott'ham Forest,,Leicester City
2025-05-10,Manchester Utd,,West Ham
2025-05-10,Bournemouth,,Aston Villa
2025-05-10,Ipswich Town,,Brentford
2025-05-10,Wolves,,Brighton
2025-05-18,Brentford,,Fulham
2025-05-18,Arsenal,,Newcastle Utd
2025-05-18,Brighton,,Liverpool
2025-05-18,Leicester City,,Ipswich Town
2025-05-18,West Ham,,Nott'ham Forest
2025-05-18,Everton,,Southampton
2025-05-18,Aston Villa,,Tottenham
2025-05-18,Chelsea,,Manchester Utd
2025-05-18,Manchester City,,Bournemouth
2025-05-18,Crystal Palace,,Wolves
2025-05-25,Southampton,,Arsenal
2025-05-25,Liverpool,,Crystal Palace
2025-05-25,Ipswich Town,,West Ham
2025-05-25,Bournemouth,,Leicester City
2025-05-25,Newcastle Utd,,Everton
2025-05-25,Fulham,,Manchester City
2025-05-25,Nott'ham Forest,,Chelsea
2025-05-25,Manchester Utd,,Aston Villa
2025-05-25,Wolves,,Brentford
2025-05-25,Tottenham,,Brighton
