Date,Domicile,Extérieur,winner
2016-08-13,Hull City,Leicester City,1
2016-08-13,Burnley,Swansea City,-1
2016-08-13,Southampton,Watford,0
2016-08-13,Crystal Palace,West Brom,-1
2016-08-13,Middlesbrough,Stoke City,0
2016-08-13,Everton,Tottenham,0
2016-08-13,Manchester City,Sunderland,1
2016-08-14,Bournemouth,Manchester Utd,-1
2016-08-14,Arsenal,Liverpool,-1
2016-08-15,Chelsea,West Ham,1
2016-08-19,Manchester Utd,Southampton,1
2016-08-20,Stoke City,Manchester City,-1
2016-08-20,Swansea City,Hull City,-1
2016-08-20,West Brom,Everton,-1
2016-08-20,Tottenham,Crystal Palace,1
2016-08-20,Burnley,Liverpool,1
2016-08-20,Watford,Chelsea,-1
2016-08-20,Leicester City,Arsenal,0
2016-08-21,Sunderland,Middlesbrough,-1
2016-08-21,West Ham,Bournemouth,1
2016-08-27,Tottenham,Liverpool,0
2016-08-27,Everton,Stoke City,1
2016-08-27,Crystal Palace,Bournemouth,0
2016-08-27,Chelsea,Burnley,1
2016-08-27,Southampton,Sunderland,0
2016-08-27,Watford,Arsenal,-1
2016-08-27,Leicester City,Swansea City,1
2016-08-27,Hull City,Manchester Utd,-1
2016-08-28,West Brom,Middlesbrough,0
2016-08-28,Manchester City,West Ham,1
2016-09-10,Manchester Utd,Manchester City,-1
2016-09-10,Middlesbrough,Crystal Palace,-1
2016-09-10,West Ham,Watford,-1
2016-09-10,Arsenal,Southampton,1
2016-09-10,Stoke City,Tottenham,-1
2016-09-10,Burnley,Hull City,0
2016-09-10,Bournemouth,West Brom,1
2016-09-10,Liverpool,Leicester City,1
2016-09-11,Swansea City,Chelsea,0
2016-09-12,Sunderland,Everton,-1
2016-09-16,Chelsea,Liverpool,-1
2016-09-17,West Brom,West Ham,1
2016-09-17,Leicester City,Burnley,1
2016-09-17,Manchester City,Bournemouth,1
2016-09-17,Hull City,Arsenal,-1
2016-09-17,Everton,Middlesbrough,1
2016-09-18,Watford,Manchester Utd,1
2016-09-18,Southampton,Swansea City,1
2016-09-18,Crystal Palace,Stoke City,1
2016-09-18,Tottenham,Sunderland,1
2016-09-24,Manchester Utd,Leicester City,1
2016-09-24,Liverpool,Hull City,1
2016-09-24,Middlesbrough,Tottenham,-1
2016-09-24,Swansea City,Manchester City,-1
2016-09-24,Sunderland,Crystal Palace,-1
2016-09-24,Stoke City,West Brom,0
2016-09-24,Bournemouth,Everton,1
2016-09-24,Arsenal,Chelsea,1
2016-09-25,West Ham,Southampton,-1
2016-09-26,Burnley,Watford,1
2016-09-30,Everton,Crystal Palace,0
2016-10-01,Swansea City,Liverpool,-1
2016-10-01,West Ham,Middlesbrough,0
2016-10-01,Sunderland,West Brom,0
2016-10-01,Hull City,Chelsea,-1
2016-10-01,Watford,Bournemouth,0
2016-10-02,Manchester Utd,Stoke City,0
2016-10-02,Tottenham,Manchester City,1
2016-10-02,Leicester City,Southampton,0
2016-10-02,Burnley,Arsenal,-1
2016-10-15,Chelsea,Leicester City,1
2016-10-15,Stoke City,Sunderland,1
2016-10-15,Manchester City,Everton,0
2016-10-15,Bournemouth,Hull City,1
2016-10-15,West Brom,Tottenham,0
2016-10-15,Arsenal,Swansea City,1
2016-10-15,Crystal Palace,West Ham,-1
2016-10-16,Middlesbrough,Watford,-1
2016-10-16,Southampton,Burnley,1
2016-10-17,Liverpool,Manchester Utd,0
2016-10-22,Bournemouth,Tottenham,0
2016-10-22,Leicester City,Crystal Palace,1
2016-10-22,Hull City,Stoke City,-1
2016-10-22,Arsenal,Middlesbrough,0
2016-10-22,West Ham,Sunderland,1
2016-10-22,Swansea City,Watford,0
2016-10-22,Burnley,Everton,1
2016-10-22,Liverpool,West Brom,1
2016-10-23,Manchester City,Southampton,0
2016-10-23,Chelsea,Manchester Utd,1
2016-10-29,Sunderland,Arsenal,-1
2016-10-29,Manchester Utd,Burnley,0
2016-10-29,West Brom,Manchester City,-1
2016-10-29,Watford,Hull City,1
2016-10-29,Middlesbrough,Bournemouth,1
2016-10-29,Tottenham,Leicester City,0
2016-10-29,Crystal Palace,Liverpool,-1
2016-10-30,Everton,West Ham,1
2016-10-30,Southampton,Chelsea,-1
2016-10-31,Stoke City,Swansea City,1
2016-11-05,Burnley,Crystal Palace,1
2016-11-05,West Ham,Stoke City,0
2016-11-05,Manchester City,Middlesbrough,0
2016-11-05,Bournemouth,Sunderland,-1
2016-11-05,Chelsea,Everton,1
2016-11-06,Arsenal,Tottenham,0
2016-11-06,Liverpool,Watford,1
2016-11-06,Hull City,Southampton,1
2016-11-06,Swansea City,Manchester Utd,-1
2016-11-06,Leicester City,West Brom,-1
2016-11-19,Manchester Utd,Arsenal,0
2016-11-19,Crystal Palace,Manchester City,-1
2016-11-19,Everton,Swansea City,0
2016-11-19,Sunderland,Hull City,1
2016-11-19,Stoke City,Bournemouth,-1
2016-11-19,Southampton,Liverpool,0
2016-11-19,Watford,Leicester City,1
2016-11-19,Tottenham,West Ham,1
2016-11-20,Middlesbrough,Chelsea,-1
2016-11-21,West Brom,Burnley,1
2016-11-26,Burnley,Manchester City,-1
2016-11-26,Leicester City,Middlesbrough,0
2016-11-26,Hull City,West Brom,0
2016-11-26,Liverpool,Sunderland,1
2016-11-26,Swansea City,Crystal Palace,1
2016-11-26,Chelsea,Tottenham,1
2016-11-27,Watford,Stoke City,-1
2016-11-27,Arsenal,Bournemouth,1
2016-11-27,Manchester Utd,West Ham,0
2016-11-27,Southampton,Everton,1
2016-12-03,Manchester City,Chelsea,-1
2016-12-03,Crystal Palace,Southampton,1
2016-12-03,West Brom,Watford,1
2016-12-03,Stoke City,Burnley,1
2016-12-03,Sunderland,Leicester City,1
2016-12-03,Tottenham,Swansea City,1
2016-12-03,West Ham,Arsenal,-1
2016-12-04,Bournemouth,Liverpool,1
2016-12-04,Everton,Manchester Utd,0
2016-12-05,Middlesbrough,Hull City,1
2016-12-10,Watford,Everton,1
2016-12-10,Hull City,Crystal Palace,0
2016-12-10,Swansea City,Sunderland,1
2016-12-10,Burnley,Bournemouth,1
2016-12-10,Arsenal,Stoke City,1
2016-12-10,Leicester City,Manchester City,1
2016-12-11,Chelsea,West Brom,1
2016-12-11,Southampton,Middlesbrough,1
2016-12-11,Manchester Utd,Tottenham,1
2016-12-11,Liverpool,West Ham,0
2016-12-13,Everton,Arsenal,1
2016-12-13,Bournemouth,Leicester City,1
2016-12-14,Sunderland,Chelsea,-1
2016-12-14,Middlesbrough,Liverpool,-1
2016-12-14,West Ham,Burnley,1
2016-12-14,West Brom,Swansea City,1
2016-12-14,Crystal Palace,Manchester Utd,-1
2016-12-14,Tottenham,Hull City,1
2016-12-14,Manchester City,Watford,1
2016-12-14,Stoke City,Southampton,0
2016-12-17,Crystal Palace,Chelsea,-1
2016-12-17,Sunderland,Watford,1
2016-12-17,Stoke City,Leicester City,0
2016-12-17,West Ham,Hull City,1
2016-12-17,Middlesbrough,Swansea City,1
2016-12-17,West Brom,Manchester Utd,-1
2016-12-18,Bournemouth,Southampton,-1
2016-12-18,Manchester City,Arsenal,1
2016-12-18,Tottenham,Burnley,1
2016-12-19,Everton,Liverpool,-1
2016-12-26,Watford,Crystal Palace,0
2016-12-26,Chelsea,Bournemouth,1
2016-12-26,Arsenal,West Brom,1
2016-12-26,Swansea City,West Ham,-1
2016-12-26,Leicester City,Everton,-1
2016-12-26,Manchester Utd,Sunderland,1
2016-12-26,Burnley,Middlesbrough,1
2016-12-26,Hull City,Manchester City,-1
2016-12-27,Liverpool,Stoke City,1
2016-12-28,Southampton,Tottenham,-1
2016-12-30,Hull City,Everton,0
2016-12-31,Chelsea,Stoke City,1
2016-12-31,Leicester City,West Ham,1
2016-12-31,Southampton,West Brom,-1
2016-12-31,Burnley,Sunderland,1
2016-12-31,Swansea City,Bournemouth,-1
2016-12-31,Manchester Utd,Middlesbrough,1
2016-12-31,Liverpool,Manchester City,1
2017-01-01,Watford,Tottenham,-1
2017-01-01,Arsenal,Crystal Palace,1
2017-01-02,Middlesbrough,Leicester City,0
2017-01-02,Manchester City,Burnley,1
2017-01-02,Everton,Southampton,1
2017-01-02,West Brom,Hull City,1
2017-01-02,Sunderland,Liverpool,0
2017-01-02,West Ham,Manchester Utd,-1
2017-01-03,Bournemouth,Arsenal,0
2017-01-03,Crystal Palace,Swansea City,-1
2017-01-03,Stoke City,Watford,1
2017-01-04,Tottenham,Chelsea,1
2017-01-14,Tottenham,West Brom,1
2017-01-14,Swansea City,Arsenal,-1
2017-01-14,Sunderland,Stoke City,-1
2017-01-14,Burnley,Southampton,1
2017-01-14,Hull City,Bournemouth,1
2017-01-14,Watford,Middlesbrough,0
2017-01-14,West Ham,Crystal Palace,1
2017-01-14,Leicester City,Chelsea,-1
2017-01-15,Everton,Manchester City,1
2017-01-15,Manchester Utd,Liverpool,0
2017-01-21,Liverpool,Swansea City,-1
2017-01-21,Bournemouth,Watford,0
2017-01-21,Middlesbrough,West Ham,-1
2017-01-21,West Brom,Sunderland,1
2017-01-21,Crystal Palace,Everton,-1
2017-01-21,Stoke City,Manchester Utd,0
2017-01-21,Manchester City,Tottenham,0
2017-01-22,Southampton,Leicester City,1
2017-01-22,Arsenal,Burnley,1
2017-01-22,Chelsea,Hull City,1
2017-01-31,Sunderland,Tottenham,0
2017-01-31,Middlesbrough,West Brom,0
2017-01-31,Burnley,Leicester City,1
2017-01-31,Bournemouth,Crystal Palace,-1
2017-01-31,Arsenal,Watford,-1
2017-01-31,Swansea City,Southampton,1
2017-01-31,Liverpool,Chelsea,0
2017-02-01,West Ham,Manchester City,-1
2017-02-01,Manchester Utd,Hull City,0
2017-02-01,Stoke City,Everton,0
2017-02-04,Chelsea,Arsenal,1
2017-02-04,West Brom,Stoke City,1
2017-02-04,Everton,Bournemouth,1
2017-02-04,Crystal Palace,Sunderland,-1
2017-02-04,Hull City,Liverpool,1
2017-02-04,Watford,Burnley,1
2017-02-04,Southampton,West Ham,-1
2017-02-04,Tottenham,Middlesbrough,1
2017-02-05,Manchester City,Swansea City,1
2017-02-05,Leicester City,Manchester Utd,-1
2017-02-11,Arsenal,Hull City,1
2017-02-11,Manchester Utd,Watford,1
2017-02-11,Middlesbrough,Everton,0
2017-02-11,Stoke City,Crystal Palace,1
2017-02-11,Sunderland,Southampton,-1
2017-02-11,West Ham,West Brom,0
2017-02-11,Liverpool,Tottenham,1
2017-02-12,Burnley,Chelsea,0
2017-02-12,Swansea City,Leicester City,1
2017-02-13,Bournemouth,Manchester City,-1
2017-02-25,Chelsea,Swansea City,1
2017-02-25,West Brom,Bournemouth,1
2017-02-25,Crystal Palace,Middlesbrough,1
2017-02-25,Hull City,Burnley,0
2017-02-25,Everton,Sunderland,1
2017-02-25,Watford,West Ham,0
2017-02-26,Tottenham,Stoke City,1
2017-02-27,Leicester City,Liverpool,1
2017-03-04,Manchester Utd,Bournemouth,0
2017-03-04,West Brom,Crystal Palace,-1
2017-03-04,Swansea City,Burnley,1
2017-03-04,Stoke City,Middlesbrough,1
2017-03-04,Leicester City,Hull City,1
2017-03-04,Watford,Southampton,-1
2017-03-04,Liverpool,Arsenal,1
2017-03-05,Tottenham,Everton,1
2017-03-05,Sunderland,Manchester City,-1
2017-03-06,West Ham,Chelsea,-1
2017-03-08,Manchester City,Stoke City,0
2017-03-11,Hull City,Swansea City,1
2017-03-11,Bournemouth,West Ham,1
2017-03-11,Everton,West Brom,1
2017-03-12,Liverpool,Burnley,1
2017-03-18,West Brom,Arsenal,1
2017-03-18,Crystal Palace,Watford,1
2017-03-18,Sunderland,Burnley,0
2017-03-18,West Ham,Leicester City,-1
2017-03-18,Stoke City,Chelsea,-1
2017-03-18,Everton,Hull City,1
2017-03-18,Bournemouth,Swansea City,1
2017-03-19,Middlesbrough,Manchester Utd,-1
2017-03-19,Tottenham,Southampton,1
2017-03-19,Manchester City,Liverpool,0
2017-04-01,Liverpool,Everton,1
2017-04-01,Hull City,West Ham,1
2017-04-01,Watford,Sunderland,1
2017-04-01,Leicester City,Stoke City,1
2017-04-01,Manchester Utd,West Brom,0
2017-04-01,Burnley,Tottenham,-1
2017-04-01,Chelsea,Crystal Palace,-1
2017-04-01,Southampton,Bournemouth,0
2017-04-02,Swansea City,Middlesbrough,0
2017-04-02,Arsenal,Manchester City,0
2017-04-04,Watford,West Brom,1
2017-04-04,Leicester City,Sunderland,1
2017-04-04,Burnley,Stoke City,1
2017-04-04,Manchester Utd,Everton,0
2017-04-05,Southampton,Crystal Palace,1
2017-04-05,Arsenal,West Ham,1
2017-04-05,Swansea City,Tottenham,-1
2017-04-05,Hull City,Middlesbrough,1
2017-04-05,Liverpool,Bournemouth,0
2017-04-05,Chelsea,Manchester City,1
2017-04-08,Tottenham,Watford,1
2017-04-08,Manchester City,Hull City,1
2017-04-08,Stoke City,Liverpool,-1
2017-04-08,Middlesbrough,Burnley,0
2017-04-08,West Brom,Southampton,-1
2017-04-08,West Ham,Swansea City,1
2017-04-08,Bournemouth,Chelsea,-1
2017-04-09,Sunderland,Manchester Utd,-1
2017-04-09,Everton,Leicester City,1
2017-04-10,Crystal Palace,Arsenal,1
2017-04-15,Tottenham,Bournemouth,1
2017-04-15,Crystal Palace,Leicester City,0
2017-04-15,Everton,Burnley,1
2017-04-15,Stoke City,Hull City,1
2017-04-15,Watford,Swansea City,1
2017-04-15,Sunderland,West Ham,0
2017-04-15,Southampton,Manchester City,-1
2017-04-16,West Brom,Liverpool,-1
2017-04-16,Manchester Utd,Chelsea,1
2017-04-17,Middlesbrough,Arsenal,-1
2017-04-22,Hull City,Watford,1
2017-04-22,Swansea City,Stoke City,1
2017-04-22,Bournemouth,Middlesbrough,1
2017-04-22,West Ham,Everton,0
2017-04-23,Burnley,Manchester Utd,-1
2017-04-23,Liverpool,Crystal Palace,-1
2017-04-25,Chelsea,Southampton,1
2017-04-26,Middlesbrough,Sunderland,1
2017-04-26,Arsenal,Leicester City,1
2017-04-26,Crystal Palace,Tottenham,-1
2017-04-27,Manchester City,Manchester Utd,0
2017-04-29,West Brom,Leicester City,-1
2017-04-29,Southampton,Hull City,0
2017-04-29,Sunderland,Bournemouth,-1
2017-04-29,Stoke City,West Ham,0
2017-04-29,Crystal Palace,Burnley,-1
2017-04-30,Manchester Utd,Swansea City,0
2017-04-30,Middlesbrough,Manchester City,0
2017-04-30,Everton,Chelsea,-1
2017-04-30,Tottenham,Arsenal,1
2017-05-01,Watford,Liverpool,-1
2017-05-05,West Ham,Tottenham,1
2017-05-06,Manchester City,Crystal Palace,1
2017-05-06,Burnley,West Brom,0
2017-05-06,Hull City,Sunderland,-1
2017-05-06,Leicester City,Watford,1
2017-05-06,Bournemouth,Stoke City,0
2017-05-06,Swansea City,Everton,1
2017-05-07,Liverpool,Southampton,0
2017-05-07,Arsenal,Manchester Utd,1
2017-05-08,Chelsea,Middlesbrough,1
2017-05-10,Southampton,Arsenal,-1
2017-05-12,Everton,Watford,1
2017-05-12,West Brom,Chelsea,-1
2017-05-13,Manchester City,Leicester City,1
2017-05-13,Middlesbrough,Southampton,-1
2017-05-13,Bournemouth,Burnley,1
2017-05-13,Sunderland,Swansea City,-1
2017-05-13,Stoke City,Arsenal,-1
2017-05-14,Crystal Palace,Hull City,1
2017-05-14,West Ham,Liverpool,-1
2017-05-14,Tottenham,Manchester Utd,1
2017-05-15,Chelsea,Watford,1
2017-05-16,Arsenal,Sunderland,1
2017-05-16,Manchester City,West Brom,1
2017-05-17,Southampton,Manchester Utd,0
2017-05-18,Leicester City,Tottenham,-1
2017-05-21,Swansea City,West Brom,1
2017-05-21,Chelsea,Sunderland,1
2017-05-21,Arsenal,Everton,1
2017-05-21,Southampton,Stoke City,-1
2017-05-21,Hull City,Tottenham,-1
2017-05-21,Manchester Utd,Crystal Palace,1
2017-05-21,Liverpool,Middlesbrough,1
2017-05-21,Watford,Manchester City,-1
2017-05-21,Burnley,West Ham,-1
2017-05-21,Leicester City,Bournemouth,0
2017-08-11,Arsenal,Leicester City,1
2017-08-12,Watford,Liverpool,0
2017-08-12,Crystal Palace,Huddersfield,-1
2017-08-12,West Brom,Bournemouth,1
2017-08-12,Chelsea,Burnley,-1
2017-08-12,Everton,Stoke City,1
2017-08-12,Southampton,Swansea City,0
2017-08-12,Brighton,Manchester City,-1
2017-08-13,Newcastle Utd,Tottenham,-1
2017-08-13,Manchester Utd,West Ham,1
2017-08-19,Swansea City,Manchester Utd,-1
2017-08-19,Bournemouth,Watford,-1
2017-08-19,Southampton,West Ham,1
2017-08-19,Leicester City,Brighton,1
2017-08-19,Burnley,West Brom,-1
2017-08-19,Liverpool,Crystal Palace,1
2017-08-19,Stoke City,Arsenal,1
2017-08-20,Huddersfield,Newcastle Utd,1
2017-08-20,Tottenham,Chelsea,-1
2017-08-21,Manchester City,Everton,0
2017-08-26,Bournemouth,Manchester City,-1
2017-08-26,Huddersfield,Southampton,0
2017-08-26,Watford,Brighton,0
2017-08-26,Crystal Palace,Swansea City,-1
2017-08-26,Newcastle Utd,West Ham,1
2017-08-26,Manchester Utd,Leicester City,1
2017-08-27,Chelsea,Everton,1
2017-08-27,West Brom,Stoke City,0
2017-08-27,Tottenham,Burnley,0
2017-08-27,Liverpool,Arsenal,1
2017-09-09,Manchester City,Liverpool,1
2017-09-09,Everton,Tottenham,-1
2017-09-09,Arsenal,Bournemouth,1
2017-09-09,Leicester City,Chelsea,-1
2017-09-09,Brighton,West Brom,1
2017-09-09,Southampton,Watford,-1
2017-09-09,Stoke City,Manchester Utd,0
2017-09-10,Burnley,Crystal Palace,1
2017-09-10,Swansea City,Newcastle Utd,-1
2017-09-11,West Ham,Huddersfield,1
2017-09-15,Bournemouth,Brighton,1
2017-09-16,Crystal Palace,Southampton,-1
2017-09-16,Newcastle Utd,Stoke City,1
2017-09-16,Huddersfield,Leicester City,0
2017-09-16,Liverpool,Burnley,0
2017-09-16,West Brom,West Ham,0
2017-09-16,Watford,Manchester City,-1
2017-09-16,Tottenham,Swansea City,0
2017-09-17,Chelsea,Arsenal,0
2017-09-17,Manchester Utd,Everton,1
2017-09-23,West Ham,Tottenham,-1
2017-09-23,Southampton,Manchester Utd,-1
2017-09-23,Stoke City,Chelsea,-1
2017-09-23,Manchester City,Crystal Palace,1
2017-09-23,Burnley,Huddersfield,0
2017-09-23,Swansea City,Watford,-1
2017-09-23,Everton,Bournemouth,1
2017-09-23,Leicester City,Liverpool,-1
2017-09-24,Brighton,Newcastle Utd,1
2017-09-25,Arsenal,West Brom,1
2017-09-30,Huddersfield,Tottenham,-1
2017-09-30,Stoke City,Southampton,1
2017-09-30,West Ham,Swansea City,1
2017-09-30,Manchester Utd,Crystal Palace,1
2017-09-30,Bournemouth,Leicester City,0
2017-09-30,West Brom,Watford,0
2017-09-30,Chelsea,Manchester City,-1
2017-10-01,Arsenal,Brighton,1
2017-10-01,Everton,Burnley,-1
2017-10-01,Newcastle Utd,Liverpool,0
2017-10-14,Liverpool,Manchester Utd,0
2017-10-14,Tottenham,Bournemouth,1
2017-10-14,Burnley,West Ham,0
2017-10-14,Crystal Palace,Chelsea,1
2017-10-14,Swansea City,Huddersfield,1
2017-10-14,Manchester City,Stoke City,1
2017-10-14,Watford,Arsenal,1
2017-10-15,Brighton,Everton,0
2017-10-15,Southampton,Newcastle Utd,0
2017-10-16,Leicester City,West Brom,0
2017-10-20,West Ham,Brighton,-1
2017-10-21,Chelsea,Watford,1
2017-10-21,Manchester City,Burnley,1
2017-10-21,Huddersfield,Manchester Utd,1
2017-10-21,Swansea City,Leicester City,-1
2017-10-21,Stoke City,Bournemouth,-1
2017-10-21,Newcastle Utd,Crystal Palace,1
2017-10-21,Southampton,West Brom,1
2017-10-22,Everton,Arsenal,-1
2017-10-22,Tottenham,Liverpool,1
2017-10-28,Manchester Utd,Tottenham,1
2017-10-28,Arsenal,Swansea City,1
2017-10-28,Crystal Palace,West Ham,0
2017-10-28,Watford,Stoke City,-1
2017-10-28,Liverpool,Huddersfield,1
2017-10-28,West Brom,Manchester City,-1
2017-10-28,Bournemouth,Chelsea,-1
2017-10-29,Brighton,Southampton,0
2017-10-29,Leicester City,Everton,1
2017-10-30,Burnley,Newcastle Utd,1
2017-11-04,Stoke City,Leicester City,0
2017-11-04,Southampton,Burnley,-1
2017-11-04,Swansea City,Brighton,-1
2017-11-04,Huddersfield,West Brom,1
2017-11-04,Newcastle Utd,Bournemouth,-1
2017-11-04,West Ham,Liverpool,-1
2017-11-05,Tottenham,Crystal Palace,1
2017-11-05,Manchester City,Arsenal,1
2017-11-05,Everton,Watford,1
2017-11-05,Chelsea,Manchester Utd,1
2017-11-18,Arsenal,Tottenham,1
2017-11-18,West Brom,Chelsea,-1
2017-11-18,Bournemouth,Huddersfield,1
2017-11-18,Liverpool,Southampton,1
2017-11-18,Burnley,Swansea City,1
2017-11-18,Crystal Palace,Everton,0
2017-11-18,Leicester City,Manchester City,-1
2017-11-18,Manchester Utd,Newcastle Utd,1
2017-11-19,Watford,West Ham,1
2017-11-20,Brighton,Stoke City,0
2017-11-24,West Ham,Leicester City,0
2017-11-25,Tottenham,West Brom,0
2017-11-25,Manchester Utd,Brighton,1
2017-11-25,Swansea City,Bournemouth,0
2017-11-25,Crystal Palace,Stoke City,1
2017-11-25,Newcastle Utd,Watford,-1
2017-11-25,Liverpool,Chelsea,0
2017-11-26,Southampton,Everton,1
2017-11-26,Burnley,Arsenal,-1
2017-11-26,Huddersfield,Manchester City,-1
2017-11-28,Brighton,Crystal Palace,0
2017-11-28,Leicester City,Tottenham,1
2017-11-28,Watford,Manchester Utd,-1
2017-11-28,West Brom,Newcastle Utd,0
2017-11-29,Chelsea,Swansea City,1
2017-11-29,Bournemouth,Burnley,-1
2017-11-29,Arsenal,Huddersfield,1
2017-11-29,Stoke City,Liverpool,-1
2017-11-29,Everton,West Ham,1
2017-11-29,Manchester City,Southampton,1
2017-12-02,Chelsea,Newcastle Utd,1
2017-12-02,Watford,Tottenham,0
2017-12-02,West Brom,Crystal Palace,0
2017-12-02,Stoke City,Swansea City,1
2017-12-02,Brighton,Liverpool,-1
2017-12-02,Everton,Huddersfield,1
2017-12-02,Leicester City,Burnley,1
2017-12-02,Arsenal,Manchester Utd,-1
2017-12-03,Bournemouth,Southampton,0
2017-12-03,Manchester City,West Ham,1
2017-12-09,West Ham,Chelsea,1
2017-12-09,Huddersfield,Brighton,1
2017-12-09,Crystal Palace,Bournemouth,0
2017-12-09,Tottenham,Stoke City,1
2017-12-09,Burnley,Watford,1
2017-12-09,Swansea City,West Brom,1
2017-12-09,Newcastle Utd,Leicester City,-1
2017-12-10,Southampton,Arsenal,0
2017-12-10,Liverpool,Everton,0
2017-12-10,Manchester Utd,Manchester City,-1
2017-12-12,Burnley,Stoke City,1
2017-12-12,Crystal Palace,Watford,1
2017-12-12,Huddersfield,Chelsea,-1
2017-12-13,Newcastle Utd,Everton,-1
2017-12-13,Southampton,Leicester City,-1
2017-12-13,Swansea City,Manchester City,-1
2017-12-13,Liverpool,West Brom,0
2017-12-13,West Ham,Arsenal,0
2017-12-13,Tottenham,Brighton,1
2017-12-13,Manchester Utd,Bournemouth,1
2017-12-16,Leicester City,Crystal Palace,-1
2017-12-16,Watford,Huddersfield,-1
2017-12-16,Arsenal,Newcastle Utd,1
2017-12-16,Brighton,Burnley,0
2017-12-16,Chelsea,Southampton,1
2017-12-16,Stoke City,West Ham,-1
2017-12-16,Manchester City,Tottenham,1
2017-12-17,West Brom,Manchester Utd,-1
2017-12-17,Bournemouth,Liverpool,-1
2017-12-18,Everton,Swansea City,1
2017-12-22,Arsenal,Liverpool,0
2017-12-23,Everton,Chelsea,0
2017-12-23,Stoke City,West Brom,1
2017-12-23,Brighton,Watford,1
2017-12-23,Swansea City,Crystal Palace,0
2017-12-23,Southampton,Huddersfield,0
2017-12-23,Manchester City,Bournemouth,1
2017-12-23,West Ham,Newcastle Utd,-1
2017-12-23,Burnley,Tottenham,-1
2017-12-23,Leicester City,Manchester Utd,0
2017-12-26,Tottenham,Southampton,1
2017-12-26,Bournemouth,West Ham,0
2017-12-26,Watford,Leicester City,1
2017-12-26,West Brom,Everton,0
2017-12-26,Manchester Utd,Burnley,0
2017-12-26,Huddersfield,Stoke City,0
2017-12-26,Chelsea,Brighton,1
2017-12-26,Liverpool,Swansea City,1
2017-12-27,Newcastle Utd,Manchester City,-1
2017-12-28,Crystal Palace,Arsenal,-1
2017-12-30,Huddersfield,Burnley,0
2017-12-30,Chelsea,Stoke City,1
2017-12-30,Bournemouth,Everton,1
2017-12-30,Liverpool,Leicester City,1
2017-12-30,Watford,Swansea City,-1
2017-12-30,Newcastle Utd,Brighton,0
2017-12-30,Manchester Utd,Southampton,0
2017-12-31,Crystal Palace,Manchester City,0
2017-12-31,West Brom,Arsenal,0
2018-01-01,Brighton,Bournemouth,0
2018-01-01,Leicester City,Huddersfield,1
2018-01-01,Burnley,Liverpool,-1
2018-01-01,Stoke City,Newcastle Utd,-1
2018-01-01,Everton,Manchester Utd,-1
2018-01-02,West Ham,West Brom,1
2018-01-02,Swansea City,Tottenham,-1
2018-01-02,Southampton,Crystal Palace,-1
2018-01-02,Manchester City,Watford,1
2018-01-03,Arsenal,Chelsea,0
2018-01-04,Tottenham,West Ham,0
2018-01-13,Newcastle Utd,Swansea City,0
2018-01-13,Crystal Palace,Burnley,1
2018-01-13,Chelsea,Leicester City,0
2018-01-13,Huddersfield,West Ham,-1
2018-01-13,West Brom,Brighton,1
2018-01-13,Watford,Southampton,0
2018-01-13,Tottenham,Everton,1
2018-01-14,Bournemouth,Arsenal,1
2018-01-14,Liverpool,Manchester City,1
2018-01-15,Manchester Utd,Stoke City,1
2018-01-20,Brighton,Chelsea,-1
2018-01-20,Everton,West Brom,0
2018-01-20,Leicester City,Watford,1
2018-01-20,Stoke City,Huddersfield,1
2018-01-20,Arsenal,Crystal Palace,1
2018-01-20,West Ham,Bournemouth,0
2018-01-20,Burnley,Manchester Utd,-1
2018-01-20,Manchester City,Newcastle Utd,1
2018-01-21,Southampton,Tottenham,0
2018-01-22,Swansea City,Liverpool,1
2018-01-30,West Ham,Crystal Palace,0
2018-01-30,Swansea City,Arsenal,1
2018-01-30,Huddersfield,Liverpool,-1
2018-01-31,Southampton,Brighton,0
2018-01-31,Chelsea,Bournemouth,-1
2018-01-31,Everton,Leicester City,1
2018-01-31,Newcastle Utd,Burnley,0
2018-01-31,Stoke City,Watford,0
2018-01-31,Manchester City,West Brom,1
2018-01-31,Tottenham,Manchester Utd,1
2018-02-03,Burnley,Manchester City,0
2018-02-03,West Brom,Southampton,-1
2018-02-03,Bournemouth,Stoke City,1
2018-02-03,Manchester Utd,Huddersfield,1
2018-02-03,Brighton,West Ham,1
2018-02-03,Leicester City,Swansea City,0
2018-02-03,Arsenal,Everton,1
2018-02-04,Crystal Palace,Newcastle Utd,0
2018-02-04,Liverpool,Tottenham,0
2018-02-05,Watford,Chelsea,1
2018-02-10,Tottenham,Arsenal,1
2018-02-10,Everton,Crystal Palace,1
2018-02-10,Swansea City,Burnley,1
2018-02-10,Stoke City,Brighton,0
2018-02-10,West Ham,Watford,1
2018-02-10,Manchester City,Leicester City,1
2018-02-11,Huddersfield,Bournemouth,1
2018-02-11,Newcastle Utd,Manchester Utd,1
2018-02-11,Southampton,Liverpool,-1
2018-02-12,Chelsea,West Brom,1
2018-02-24,Leicester City,Stoke City,0
2018-02-24,West Brom,Huddersfield,-1
2018-02-24,Bournemouth,Newcastle Utd,0
2018-02-24,Liverpool,West Ham,1
2018-02-24,Burnley,Southampton,0
2018-02-24,Brighton,Swansea City,1
2018-02-24,Watford,Everton,1
2018-02-25,Crystal Palace,Tottenham,-1
2018-02-25,Manchester Utd,Chelsea,1
2018-03-01,Arsenal,Manchester City,-1
2018-03-03,Burnley,Everton,1
2018-03-03,Watford,West Brom,1
2018-03-03,Swansea City,West Ham,1
2018-03-03,Leicester City,Bournemouth,0
2018-03-03,Southampton,Stoke City,0
2018-03-03,Tottenham,Huddersfield,1
2018-03-03,Liverpool,Newcastle Utd,1
2018-03-04,Brighton,Arsenal,1
2018-03-04,Manchester City,Chelsea,1
2018-03-05,Crystal Palace,Manchester Utd,-1
2018-03-10,Manchester Utd,Liverpool,1
2018-03-10,West Ham,Burnley,-1
2018-03-10,Newcastle Utd,Southampton,1
2018-03-10,West Brom,Leicester City,-1
2018-03-10,Everton,Brighton,1
2018-03-10,Huddersfield,Swansea City,0
2018-03-10,Chelsea,Crystal Palace,1
2018-03-11,Arsenal,Watford,1
2018-03-11,Bournemouth,Tottenham,-1
2018-03-12,Stoke City,Manchester City,-1
2018-03-17,Stoke City,Everton,-1
2018-03-17,Bournemouth,West Brom,1
2018-03-17,Huddersfield,Crystal Palace,-1
2018-03-17,Liverpool,Watford,1
2018-03-31,Crystal Palace,Liverpool,-1
2018-03-31,Manchester Utd,Swansea City,1
2018-03-31,Brighton,Leicester City,-1
2018-03-31,West Brom,Burnley,-1
2018-03-31,West Ham,Southampton,1
2018-03-31,Newcastle Utd,Huddersfield,1
2018-03-31,Watford,Bournemouth,0
2018-03-31,Everton,Manchester City,-1
2018-04-01,Arsenal,Stoke City,1
2018-04-01,Chelsea,Tottenham,-1
2018-04-07,Everton,Liverpool,0
2018-04-07,Stoke City,Tottenham,-1
2018-04-07,Leicester City,Newcastle Utd,-1
2018-04-07,Watford,Burnley,-1
2018-04-07,Brighton,Huddersfield,0
2018-04-07,Bournemouth,Crystal Palace,0
2018-04-07,West Brom,Swansea City,0
2018-04-07,Manchester City,Manchester Utd,-1
2018-04-08,Arsenal,Southampton,1
2018-04-08,Chelsea,West Ham,0
2018-04-14,Southampton,Chelsea,-1
2018-04-14,Crystal Palace,Brighton,1
2018-04-14,Huddersfield,Watford,1
2018-04-14,Burnley,Leicester City,1
2018-04-14,Swansea City,Everton,0
2018-04-14,Liverpool,Bournemouth,1
2018-04-14,Tottenham,Manchester City,-1
2018-04-15,Newcastle Utd,Arsenal,1
2018-04-15,Manchester Utd,West Brom,-1
2018-04-16,West Ham,Stoke City,0
2018-04-17,Brighton,Tottenham,0
2018-04-18,Bournemouth,Manchester Utd,-1
2018-04-19,Burnley,Chelsea,-1
2018-04-19,Leicester City,Southampton,0
2018-04-21,West Brom,Liverpool,0
2018-04-21,Watford,Crystal Palace,0
2018-04-22,Arsenal,West Ham,1
2018-04-22,Stoke City,Burnley,0
2018-04-22,Manchester City,Swansea City,1
2018-04-23,Everton,Newcastle Utd,1
2018-04-28,Liverpool,Stoke City,0
2018-04-28,Newcastle Utd,West Brom,-1
2018-04-28,Southampton,Bournemouth,1
2018-04-28,Huddersfield,Everton,-1
2018-04-28,Crystal Palace,Leicester City,1
2018-04-28,Burnley,Brighton,0
2018-04-28,Swansea City,Chelsea,-1
2018-04-29,West Ham,Manchester City,-1
2018-04-29,Manchester Utd,Arsenal,1
2018-04-30,Tottenham,Watford,1
2018-05-04,Brighton,Manchester Utd,1
2018-05-05,Stoke City,Crystal Palace,-1
2018-05-05,Leicester City,West Ham,-1
2018-05-05,West Brom,Tottenham,1
2018-05-05,Bournemouth,Swansea City,1
2018-05-05,Watford,Newcastle Utd,1
2018-05-05,Everton,Southampton,0
2018-05-06,Manchester City,Huddersfield,0
2018-05-06,Chelsea,Liverpool,1
2018-05-06,Arsenal,Burnley,1
2018-05-08,Swansea City,Southampton,-1
2018-05-09,Leicester City,Arsenal,1
2018-05-09,Chelsea,Huddersfield,0
2018-05-09,Tottenham,Newcastle Utd,1
2018-05-09,Manchester City,Brighton,1
2018-05-10,West Ham,Manchester Utd,0
2018-05-13,Swansea City,Stoke City,-1
2018-05-13,Liverpool,Brighton,1
2018-05-13,Burnley,Bournemouth,-1
2018-05-13,Crystal Palace,West Brom,1
2018-05-13,West Ham,Everton,1
2018-05-13,Huddersfield,Arsenal,-1
2018-05-13,Newcastle Utd,Chelsea,1
2018-05-13,Manchester Utd,Watford,1
2018-05-13,Southampton,Manchester City,-1
2018-05-13,Tottenham,Leicester City,1
2018-08-10,Manchester Utd,Leicester City,1
2018-08-11,Newcastle Utd,Tottenham,-1
2018-08-11,Fulham,Crystal Palace,-1
2018-08-11,Bournemouth,Cardiff City,1
2018-08-11,Watford,Brighton,1
2018-08-11,Huddersfield,Chelsea,-1
2018-08-11,Wolves,Everton,0
2018-08-12,Southampton,Burnley,0
2018-08-12,Liverpool,West Ham,1
2018-08-12,Arsenal,Manchester City,-1
2018-08-18,Cardiff City,Newcastle Utd,0
2018-08-18,West Ham,Bournemouth,-1
2018-08-18,Everton,Southampton,1
2018-08-18,Leicester City,Wolves,1
2018-08-18,Tottenham,Fulham,1
2018-08-18,Chelsea,Arsenal,1
2018-08-19,Burnley,Watford,-1
2018-08-19,Manchester City,Huddersfield,1
2018-08-19,Brighton,Manchester Utd,1
2018-08-20,Crystal Palace,Liverpool,-1
2018-08-25,Wolves,Manchester City,0
2018-08-25,Arsenal,West Ham,1
2018-08-25,Southampton,Leicester City,-1
2018-08-25,Huddersfield,Cardiff City,0
2018-08-25,Bournemouth,Everton,0
2018-08-25,Liverpool,Brighton,1
2018-08-26,Watford,Crystal Palace,1
2018-08-26,Fulham,Burnley,1
2018-08-26,Newcastle Utd,Chelsea,-1
2018-08-27,Manchester Utd,Tottenham,-1
2018-09-01,Leicester City,Liverpool,-1
2018-09-01,Crystal Palace,Southampton,-1
2018-09-01,Brighton,Fulham,0
2018-09-01,Chelsea,Bournemouth,1
2018-09-01,Everton,Huddersfield,0
2018-09-01,West Ham,Wolves,-1
2018-09-01,Manchester City,Newcastle Utd,1
2018-09-02,Cardiff City,Arsenal,-1
2018-09-02,Watford,Tottenham,1
2018-09-02,Burnley,Manchester Utd,-1
2018-09-15,Tottenham,Liverpool,-1
2018-09-15,Manchester City,Fulham,1
2018-09-15,Huddersfield,Crystal Palace,-1
2018-09-15,Newcastle Utd,Arsenal,-1
2018-09-15,Bournemouth,Leicester City,1
2018-09-15,Chelsea,Cardiff City,1
2018-09-15,Watford,Manchester Utd,-1
2018-09-16,Wolves,Burnley,1
2018-09-16,Everton,West Ham,-1
2018-09-17,Southampton,Brighton,0
2018-09-22,Fulham,Watford,0
2018-09-22,Crystal Palace,Newcastle Utd,0
2018-09-22,Cardiff City,Manchester City,-1
2018-09-22,Liverpool,Southampton,1
2018-09-22,Burnley,Bournemouth,1
2018-09-22,Manchester Utd,Wolves,0
2018-09-22,Leicester City,Huddersfield,1
2018-09-22,Brighton,Tottenham,-1
2018-09-23,West Ham,Chelsea,0
2018-09-23,Arsenal,Everton,1
2018-09-29,West Ham,Manchester Utd,1
2018-09-29,Newcastle Utd,Leicester City,-1
2018-09-29,Everton,Fulham,1
2018-09-29,Wolves,Southampton,1
2018-09-29,Arsenal,Watford,1
2018-09-29,Manchester City,Brighton,1
2018-09-29,Huddersfield,Tottenham,-1
2018-09-29,Chelsea,Liverpool,0
2018-09-30,Cardiff City,Burnley,-1
2018-10-01,Bournemouth,Crystal Palace,1
2018-10-05,Brighton,West Ham,1
2018-10-06,Leicester City,Everton,-1
2018-10-06,Burnley,Huddersfield,0
2018-10-06,Tottenham,Cardiff City,1
2018-10-06,Watford,Bournemouth,-1
2018-10-06,Crystal Palace,Wolves,-1
2018-10-06,Manchester Utd,Newcastle Utd,1
2018-10-07,Fulham,Arsenal,-1
2018-10-07,Southampton,Chelsea,-1
2018-10-07,Liverpool,Manchester City,0
2018-10-20,Chelsea,Manchester Utd,0
2018-10-20,Bournemouth,Southampton,0
2018-10-20,Manchester City,Burnley,1
2018-10-20,West Ham,Tottenham,-1
2018-10-20,Newcastle Utd,Brighton,-1
2018-10-20,Wolves,Watford,-1
2018-10-20,Cardiff City,Fulham,1
2018-10-20,Huddersfield,Liverpool,-1
2018-10-21,Everton,Crystal Palace,1
2018-10-22,Arsenal,Leicester City,1
2018-10-27,Brighton,Wolves,1
2018-10-27,Southampton,Newcastle Utd,0
2018-10-27,Fulham,Bournemouth,-1
2018-10-27,Liverpool,Cardiff City,1
2018-10-27,Watford,Huddersfield,1
2018-10-27,Leicester City,West Ham,0
2018-10-28,Burnley,Chelsea,-1
2018-10-28,Crystal Palace,Arsenal,0
2018-10-28,Manchester Utd,Everton,1
2018-10-29,Tottenham,Manchester City,-1
2018-11-03,Bournemouth,Manchester Utd,-1
2018-11-03,Cardiff City,Leicester City,-1
2018-11-03,Everton,Brighton,1
2018-11-03,Newcastle Utd,Watford,1
2018-11-03,West Ham,Burnley,1
2018-11-03,Arsenal,Liverpool,0
2018-11-03,Wolves,Tottenham,-1
2018-11-04,Manchester City,Southampton,1
2018-11-04,Chelsea,Crystal Palace,1
2018-11-05,Huddersfield,Fulham,1
2018-11-10,Cardiff City,Brighton,1
2018-11-10,Newcastle Utd,Bournemouth,1
2018-11-10,Huddersfield,West Ham,0
2018-11-10,Leicester City,Burnley,0
2018-11-10,Southampton,Watford,0
2018-11-10,Crystal Palace,Tottenham,-1
2018-11-11,Liverpool,Fulham,1
2018-11-11,Chelsea,Everton,0
2018-11-11,Arsenal,Wolves,0
2018-11-11,Manchester City,Manchester Utd,1
2018-11-24,Manchester Utd,Crystal Palace,0
2018-11-24,Fulham,Southampton,1
2018-11-24,West Ham,Manchester City,-1
2018-11-24,Brighton,Leicester City,0
2018-11-24,Everton,Cardiff City,1
2018-11-24,Watford,Liverpool,-1
2018-11-24,Tottenham,Chelsea,1
2018-11-25,Bournemouth,Arsenal,-1
2018-11-25,Wolves,Huddersfield,-1
2018-11-26,Burnley,Newcastle Utd,-1
2018-11-30,Cardiff City,Wolves,1
2018-12-01,Newcastle Utd,West Ham,-1
2018-12-01,Crystal Palace,Burnley,1
2018-12-01,Huddersfield,Brighton,-1
2018-12-01,Leicester City,Watford,1
2018-12-01,Manchester City,Bournemouth,1
2018-12-01,Southampton,Manchester Utd,0
2018-12-02,Chelsea,Fulham,1
2018-12-02,Arsenal,Tottenham,1
2018-12-02,Liverpool,Everton,1
2018-12-04,West Ham,Cardiff City,1
2018-12-04,Brighton,Crystal Palace,1
2018-12-04,Bournemouth,Huddersfield,1
2018-12-04,Watford,Manchester City,-1
2018-12-05,Wolves,Chelsea,1
2018-12-05,Fulham,Leicester City,0
2018-12-05,Burnley,Liverpool,-1
2018-12-05,Everton,Newcastle Utd,0
2018-12-05,Manchester Utd,Arsenal,0
2018-12-05,Tottenham,Southampton,1
2018-12-08,Bournemouth,Liverpool,-1
2018-12-08,West Ham,Crystal Palace,1
2018-12-08,Manchester Utd,Fulham,1
2018-12-08,Burnley,Brighton,1
2018-12-08,Cardiff City,Southampton,1
2018-12-08,Arsenal,Huddersfield,1
2018-12-08,Chelsea,Manchester City,1
2018-12-08,Leicester City,Tottenham,-1
2018-12-09,Newcastle Utd,Wolves,-1
2018-12-10,Everton,Watford,0
2018-12-15,Manchester City,Everton,1
2018-12-15,Watford,Cardiff City,1
2018-12-15,Tottenham,Burnley,1
2018-12-15,Huddersfield,Newcastle Utd,-1
2018-12-15,Crystal Palace,Leicester City,1
2018-12-15,Wolves,Bournemouth,1
2018-12-15,Fulham,West Ham,-1
2018-12-16,Southampton,Arsenal,1
2018-12-16,Brighton,Chelsea,-1
2018-12-16,Liverpool,Manchester Utd,1
2018-12-21,Wolves,Liverpool,-1
2018-12-22,Arsenal,Burnley,1
2018-12-22,Bournemouth,Brighton,1
2018-12-22,Manchester City,Crystal Palace,-1
2018-12-22,West Ham,Watford,-1
2018-12-22,Huddersfield,Southampton,-1
2018-12-22,Chelsea,Leicester City,-1
2018-12-22,Newcastle Utd,Fulham,0
2018-12-22,Cardiff City,Manchester Utd,-1
2018-12-23,Everton,Tottenham,-1
2018-12-26,Fulham,Wolves,0
2018-12-26,Burnley,Everton,-1
2018-12-26,Manchester Utd,Huddersfield,1
2018-12-26,Liverpool,Newcastle Utd,1
2018-12-26,Leicester City,Manchester City,1
2018-12-26,Tottenham,Bournemouth,1
2018-12-26,Crystal Palace,Cardiff City,0
2018-12-26,Brighton,Arsenal,0
2018-12-26,Watford,Chelsea,-1
2018-12-27,Southampton,West Ham,-1
2018-12-29,Watford,Newcastle Utd,0
2018-12-29,Fulham,Huddersfield,1
2018-12-29,Brighton,Everton,1
2018-12-29,Leicester City,Cardiff City,-1
2018-12-29,Tottenham,Wolves,-1
2018-12-29,Liverpool,Arsenal,1
2018-12-30,Crystal Palace,Chelsea,-1
2018-12-30,Southampton,Manchester City,-1
2018-12-30,Burnley,West Ham,1
2018-12-30,Manchester Utd,Bournemouth,1
2019-01-01,Everton,Leicester City,-1
2019-01-01,Arsenal,Fulham,1
2019-01-01,Cardiff City,Tottenham,-1
2019-01-02,Wolves,Crystal Palace,-1
2019-01-02,West Ham,Brighton,0
2019-01-02,Bournemouth,Watford,0
2019-01-02,Chelsea,Southampton,0
2019-01-02,Huddersfield,Burnley,-1
2019-01-02,Newcastle Utd,Manchester Utd,-1
2019-01-03,Manchester City,Liverpool,1
2019-01-12,West Ham,Arsenal,1
2019-01-12,Burnley,Fulham,1
2019-01-12,Brighton,Liverpool,-1
2019-01-12,Crystal Palace,Watford,-1
2019-01-12,Cardiff City,Huddersfield,0
2019-01-12,Leicester City,Southampton,-1
2019-01-12,Chelsea,Newcastle Utd,1
2019-01-13,Everton,Bournemouth,1
2019-01-13,Tottenham,Manchester Utd,-1
2019-01-14,Manchester City,Wolves,1
2019-01-19,Wolves,Leicester City,1
2019-01-19,Bournemouth,West Ham,1
2019-01-19,Newcastle Utd,Cardiff City,1
2019-01-19,Manchester Utd,Brighton,1
2019-01-19,Southampton,Everton,1
2019-01-19,Liverpool,Crystal Palace,1
2019-01-19,Watford,Burnley,0
2019-01-19,Arsenal,Chelsea,1
2019-01-20,Huddersfield,Manchester City,-1
2019-01-20,Fulham,Tottenham,-1
2019-01-29,Fulham,Brighton,1
2019-01-29,Huddersfield,Everton,-1
2019-01-29,Wolves,West Ham,1
2019-01-29,Arsenal,Cardiff City,1
2019-01-29,Newcastle Utd,Manchester City,1
2019-01-29,Manchester Utd,Burnley,0
2019-01-30,Bournemouth,Chelsea,1
2019-01-30,Southampton,Crystal Palace,0
2019-01-30,Tottenham,Watford,1
2019-01-30,Liverpool,Leicester City,0
2019-02-02,Tottenham,Newcastle Utd,1
2019-02-02,Brighton,Watford,0
2019-02-02,Chelsea,Huddersfield,1
2019-02-02,Everton,Wolves,-1
2019-02-02,Burnley,Southampton,0
2019-02-02,Crystal Palace,Fulham,1
2019-02-02,Cardiff City,Bournemouth,1
2019-02-03,Leicester City,Manchester Utd,-1
2019-02-03,Manchester City,Arsenal,1
2019-02-04,West Ham,Liverpool,0
2019-02-06,Everton,Manchester City,-1
2019-02-09,Fulham,Manchester Utd,-1
2019-02-09,Crystal Palace,West Ham,0
2019-02-09,Liverpool,Bournemouth,1
2019-02-09,Southampton,Cardiff City,-1
2019-02-09,Watford,Everton,1
2019-02-09,Huddersfield,Arsenal,-1
2019-02-09,Brighton,Burnley,-1
2019-02-10,Tottenham,Leicester City,1
2019-02-10,Manchester City,Chelsea,1
2019-02-11,Wolves,Newcastle Utd,0
2019-02-22,West Ham,Fulham,1
2019-02-22,Cardiff City,Watford,-1
2019-02-23,Burnley,Tottenham,1
2019-02-23,Bournemouth,Wolves,0
2019-02-23,Newcastle Utd,Huddersfield,1
2019-02-23,Leicester City,Crystal Palace,-1
2019-02-24,Arsenal,Southampton,1
2019-02-24,Manchester Utd,Liverpool,0
2019-02-26,Cardiff City,Everton,-1
2019-02-26,Huddersfield,Wolves,1
2019-02-26,Leicester City,Brighton,1
2019-02-26,Newcastle Utd,Burnley,1
2019-02-27,Arsenal,Bournemouth,1
2019-02-27,Southampton,Fulham,1
2019-02-27,Crystal Palace,Manchester Utd,-1
2019-02-27,Chelsea,Tottenham,1
2019-02-27,Liverpool,Watford,1
2019-02-27,Manchester City,West Ham,1
2019-03-02,Tottenham,Arsenal,0
2019-03-02,Manchester Utd,Southampton,1
2019-03-02,Wolves,Cardiff City,1
2019-03-02,Bournemouth,Manchester City,-1
2019-03-02,Brighton,Huddersfield,1
2019-03-02,Burnley,Crystal Palace,-1
2019-03-02,West Ham,Newcastle Utd,1
2019-03-03,Watford,Leicester City,1
2019-03-03,Fulham,Chelsea,-1
2019-03-03,Everton,Liverpool,0
2019-03-09,Crystal Palace,Brighton,-1
2019-03-09,Newcastle Utd,Everton,1
2019-03-09,Cardiff City,West Ham,1
2019-03-09,Huddersfield,Bournemouth,-1
2019-03-09,Leicester City,Fulham,1
2019-03-09,Southampton,Tottenham,1
2019-03-09,Manchester City,Watford,1
2019-03-10,Liverpool,Burnley,1
2019-03-10,Chelsea,Wolves,0
2019-03-10,Arsenal,Manchester Utd,1
2019-03-16,West Ham,Huddersfield,1
2019-03-16,Burnley,Leicester City,-1
2019-03-16,Bournemouth,Newcastle Utd,0
2019-03-17,Fulham,Liverpool,-1
2019-03-17,Everton,Chelsea,1
2019-03-30,Fulham,Manchester City,-1
2019-03-30,Burnley,Wolves,1
2019-03-30,Crystal Palace,Huddersfield,1
2019-03-30,Leicester City,Bournemouth,1
2019-03-30,Brighton,Southampton,-1
2019-03-30,Manchester Utd,Watford,1
2019-03-30,West Ham,Everton,-1
2019-03-31,Cardiff City,Chelsea,-1
2019-03-31,Liverpool,Tottenham,1
2019-04-01,Arsenal,Newcastle Utd,1
2019-04-02,Wolves,Manchester Utd,1
2019-04-02,Watford,Fulham,1
2019-04-03,Chelsea,Brighton,1
2019-04-03,Tottenham,Crystal Palace,1
2019-04-03,Manchester City,Cardiff City,1
2019-04-05,Southampton,Liverpool,-1
2019-04-06,Huddersfield,Leicester City,-1
2019-04-06,Bournemouth,Burnley,-1
2019-04-06,Newcastle Utd,Crystal Palace,-1
2019-04-07,Everton,Arsenal,1
2019-04-08,Chelsea,West Ham,1
2019-04-12,Leicester City,Newcastle Utd,-1
2019-04-13,Tottenham,Huddersfield,1
2019-04-13,Burnley,Cardiff City,1
2019-04-13,Fulham,Everton,1
2019-04-13,Southampton,Wolves,1
2019-04-13,Brighton,Bournemouth,-1
2019-04-13,Manchester Utd,West Ham,1
2019-04-14,Crystal Palace,Manchester City,-1
2019-04-14,Liverpool,Chelsea,1
2019-04-15,Watford,Arsenal,-1
2019-04-16,Brighton,Cardiff City,-1
2019-04-20,Manchester City,Tottenham,1
2019-04-20,West Ham,Leicester City,0
2019-04-20,Bournemouth,Fulham,-1
2019-04-20,Huddersfield,Watford,-1
2019-04-20,Wolves,Brighton,0
2019-04-20,Newcastle Utd,Southampton,1
2019-04-21,Everton,Manchester Utd,1
2019-04-21,Arsenal,Crystal Palace,-1
2019-04-21,Cardiff City,Liverpool,-1
2019-04-22,Chelsea,Burnley,0
2019-04-23,Watford,Southampton,0
2019-04-23,Tottenham,Brighton,1
2019-04-24,Wolves,Arsenal,1
2019-04-24,Manchester Utd,Manchester City,-1
2019-04-26,Liverpool,Huddersfield,1
2019-04-27,Tottenham,West Ham,-1
2019-04-27,Watford,Wolves,-1
2019-04-27,Fulham,Cardiff City,1
2019-04-27,Southampton,Bournemouth,0
2019-04-27,Crystal Palace,Everton,0
2019-04-27,Brighton,Newcastle Utd,0
2019-04-28,Leicester City,Arsenal,1
2019-04-28,Burnley,Manchester City,-1
2019-04-28,Manchester Utd,Chelsea,0
2019-05-03,Everton,Burnley,1
2019-05-04,Bournemouth,Tottenham,1
2019-05-04,Wolves,Fulham,1
2019-05-04,West Ham,Southampton,1
2019-05-04,Cardiff City,Crystal Palace,-1
2019-05-04,Newcastle Utd,Liverpool,-1
2019-05-05,Huddersfield,Manchester Utd,0
2019-05-05,Chelsea,Watford,1
2019-05-05,Arsenal,Brighton,0
2019-05-06,Manchester City,Leicester City,1
2019-05-12,Southampton,Huddersfield,0
2019-05-12,Brighton,Manchester City,-1
2019-05-12,Leicester City,Chelsea,0
2019-05-12,Crystal Palace,Bournemouth,1
2019-05-12,Burnley,Arsenal,-1
2019-05-12,Tottenham,Everton,0
2019-05-12,Liverpool,Wolves,1
2019-05-12,Manchester Utd,Cardiff City,-1
2019-05-12,Fulham,Newcastle Utd,-1
2019-05-12,Watford,West Ham,-1
2019-08-09,Liverpool,Norwich City,1
2019-08-10,West Ham,Manchester City,-1
2019-08-10,Burnley,Southampton,1
2019-08-10,Watford,Brighton,-1
2019-08-10,Crystal Palace,Everton,0
2019-08-10,Bournemouth,Sheffield Utd,0
2019-08-10,Tottenham,Aston Villa,1
2019-08-11,Newcastle Utd,Arsenal,-1
2019-08-11,Leicester City,Wolves,0
2019-08-11,Manchester Utd,Chelsea,1
2019-08-17,Arsenal,Burnley,1
2019-08-17,Norwich City,Newcastle Utd,1
2019-08-17,Aston Villa,Bournemouth,-1
2019-08-17,Brighton,West Ham,0
2019-08-17,Southampton,Liverpool,-1
2019-08-17,Everton,Watford,1
2019-08-17,Manchester City,Tottenham,0
2019-08-18,Sheffield Utd,Crystal Palace,1
2019-08-18,Chelsea,Leicester City,0
2019-08-19,Wolves,Manchester Utd,0
2019-08-23,Aston Villa,Everton,1
2019-08-24,Norwich City,Chelsea,-1
2019-08-24,Sheffield Utd,Leicester City,-1
2019-08-24,Manchester Utd,Crystal Palace,-1
2019-08-24,Watford,West Ham,-1
2019-08-24,Brighton,Southampton,-1
2019-08-24,Liverpool,Arsenal,1
2019-08-25,Bournemouth,Manchester City,-1
2019-08-25,Wolves,Burnley,0
2019-08-25,Tottenham,Newcastle Utd,-1
2019-08-31,Southampton,Manchester Utd,0
2019-08-31,West Ham,Norwich City,1
2019-08-31,Crystal Palace,Aston Villa,1
2019-08-31,Leicester City,Bournemouth,1
2019-08-31,Chelsea,Sheffield Utd,0
2019-08-31,Newcastle Utd,Watford,0
2019-08-31,Manchester City,Brighton,1
2019-08-31,Burnley,Liverpool,-1
2019-09-01,Everton,Wolves,1
2019-09-01,Arsenal,Tottenham,0
2019-09-14,Liverpool,Newcastle Utd,1
2019-09-14,Wolves,Chelsea,-1
2019-09-14,Brighton,Burnley,0
2019-09-14,Tottenham,Crystal Palace,1
2019-09-14,Manchester Utd,Leicester City,1
2019-09-14,Sheffield Utd,Southampton,-1
2019-09-14,Norwich City,Manchester City,1
2019-09-15,Bournemouth,Everton,1
2019-09-15,Watford,Arsenal,0
2019-09-16,Aston Villa,West Ham,0
2019-09-20,Southampton,Bournemouth,-1
2019-09-21,Leicester City,Tottenham,1
2019-09-21,Manchester City,Watford,1
2019-09-21,Everton,Sheffield Utd,-1
2019-09-21,Burnley,Norwich City,1
2019-09-21,Newcastle Utd,Brighton,0
2019-09-22,Crystal Palace,Wolves,0
2019-09-22,West Ham,Manchester Utd,1
2019-09-22,Chelsea,Liverpool,-1
2019-09-22,Arsenal,Aston Villa,1
2019-09-28,Sheffield Utd,Liverpool,-1
2019-09-28,Chelsea,Brighton,1
2019-09-28,Tottenham,Southampton,1
2019-09-28,Aston Villa,Burnley,0
2019-09-28,Crystal Palace,Norwich City,1
2019-09-28,Wolves,Watford,1
2019-09-28,Bournemouth,West Ham,0
2019-09-28,Everton,Manchester City,-1
2019-09-29,Leicester City,Newcastle Utd,1
2019-09-30,Manchester Utd,Arsenal,0
2019-10-05,Brighton,Tottenham,1
2019-10-05,Watford,Sheffield Utd,0
2019-10-05,Burnley,Everton,1
2019-10-05,Liverpool,Leicester City,1
2019-10-05,Norwich City,Aston Villa,-1
2019-10-05,West Ham,Crystal Palace,-1
2019-10-06,Manchester City,Wolves,-1
2019-10-06,Southampton,Chelsea,-1
2019-10-06,Arsenal,Bournemouth,1
2019-10-06,Newcastle Utd,Manchester Utd,1
2019-10-19,Everton,West Ham,1
2019-10-19,Aston Villa,Brighton,1
2019-10-19,Leicester City,Burnley,1
2019-10-19,Tottenham,Watford,0
2019-10-19,Wolves,Southampton,0
2019-10-19,Chelsea,Newcastle Utd,1
2019-10-19,Bournemouth,Norwich City,0
2019-10-19,Crystal Palace,Manchester City,-1
2019-10-20,Manchester Utd,Liverpool,0
2019-10-21,Sheffield Utd,Arsenal,1
2019-10-25,Southampton,Leicester City,-1
2019-10-26,Manchester City,Aston Villa,1
2019-10-26,Watford,Bournemouth,0
2019-10-26,West Ham,Sheffield Utd,0
2019-10-26,Brighton,Everton,1
2019-10-26,Burnley,Chelsea,-1
2019-10-27,Newcastle Utd,Wolves,0
2019-10-27,Arsenal,Crystal Palace,0
2019-10-27,Liverpool,Tottenham,1
2019-10-27,Norwich City,Manchester Utd,-1
2019-11-02,Bournemouth,Manchester Utd,1
2019-11-02,Sheffield Utd,Burnley,1
2019-11-02,Brighton,Norwich City,1
2019-11-02,Aston Villa,Liverpool,-1
2019-11-02,Arsenal,Wolves,0
2019-11-02,West Ham,Newcastle Utd,-1
2019-11-02,Manchester City,Southampton,1
2019-11-02,Watford,Chelsea,-1
2019-11-03,Crystal Palace,Leicester City,-1
2019-11-03,Everton,Tottenham,0
2019-11-08,Norwich City,Watford,-1
2019-11-09,Chelsea,Crystal Palace,1
2019-11-09,Southampton,Everton,-1
2019-11-09,Burnley,West Ham,1
2019-11-09,Newcastle Utd,Bournemouth,1
2019-11-09,Tottenham,Sheffield Utd,0
2019-11-09,Leicester City,Arsenal,1
2019-11-10,Manchester Utd,Brighton,1
2019-11-10,Wolves,Aston Villa,1
2019-11-10,Liverpool,Manchester City,1
2019-11-23,West Ham,Tottenham,-1
2019-11-23,Crystal Palace,Liverpool,-1
2019-11-23,Arsenal,Southampton,0
2019-11-23,Bournemouth,Wolves,-1
2019-11-23,Everton,Norwich City,-1
2019-11-23,Brighton,Leicester City,-1
2019-11-23,Watford,Burnley,-1
2019-11-23,Manchester City,Chelsea,1
2019-11-24,Sheffield Utd,Manchester Utd,0
2019-11-25,Aston Villa,Newcastle Utd,1
2019-11-30,Newcastle Utd,Manchester City,0
2019-11-30,Tottenham,Bournemouth,1
2019-11-30,Liverpool,Brighton,1
2019-11-30,Burnley,Crystal Palace,-1
2019-11-30,Chelsea,West Ham,-1
2019-11-30,Southampton,Watford,1
2019-12-01,Norwich City,Arsenal,0
2019-12-01,Wolves,Sheffield Utd,0
2019-12-01,Leicester City,Everton,1
2019-12-01,Manchester Utd,Aston Villa,0
2019-12-03,Crystal Palace,Bournemouth,1
2019-12-03,Burnley,Manchester City,-1
2019-12-04,Wolves,West Ham,1
2019-12-04,Southampton,Norwich City,1
2019-12-04,Chelsea,Aston Villa,1
2019-12-04,Manchester Utd,Tottenham,1
2019-12-04,Leicester City,Watford,1
2019-12-04,Liverpool,Everton,1
2019-12-05,Sheffield Utd,Newcastle Utd,-1
2019-12-05,Arsenal,Brighton,-1
2019-12-07,Everton,Chelsea,1
2019-12-07,Tottenham,Burnley,1
2019-12-07,Watford,Crystal Palace,0
2019-12-07,Bournemouth,Liverpool,-1
2019-12-07,Manchester City,Manchester Utd,-1
2019-12-08,Norwich City,Sheffield Utd,-1
2019-12-08,Aston Villa,Leicester City,-1
2019-12-08,Newcastle Utd,Southampton,1
2019-12-08,Brighton,Wolves,0
2019-12-09,West Ham,Arsenal,-1
2019-12-14,Liverpool,Watford,1
2019-12-14,Leicester City,Norwich City,0
2019-12-14,Burnley,Newcastle Utd,1
2019-12-14,Sheffield Utd,Aston Villa,1
2019-12-14,Chelsea,Bournemouth,-1
2019-12-14,Southampton,West Ham,-1
2019-12-15,Manchester Utd,Everton,0
2019-12-15,Wolves,Tottenham,-1
2019-12-15,Arsenal,Manchester City,-1
2019-12-16,Crystal Palace,Brighton,0
2019-12-21,Everton,Arsenal,0
2019-12-21,Norwich City,Wolves,-1
2019-12-21,Brighton,Sheffield Utd,-1
2019-12-21,Newcastle Utd,Crystal Palace,1
2019-12-21,Aston Villa,Southampton,-1
2019-12-21,Bournemouth,Burnley,-1
2019-12-21,Manchester City,Leicester City,1
2019-12-22,Watford,Manchester Utd,1
2019-12-22,Tottenham,Chelsea,-1
2019-12-26,Tottenham,Brighton,1
2019-12-26,Aston Villa,Norwich City,1
2019-12-26,Crystal Palace,West Ham,1
2019-12-26,Bournemouth,Arsenal,0
2019-12-26,Sheffield Utd,Watford,0
2019-12-26,Everton,Burnley,1
2019-12-26,Chelsea,Southampton,-1
2019-12-26,Manchester Utd,Newcastle Utd,1
2019-12-26,Leicester City,Liverpool,-1
2019-12-27,Wolves,Manchester City,1
2019-12-28,Brighton,Bournemouth,1
2019-12-28,Watford,Aston Villa,1
2019-12-28,Newcastle Utd,Everton,-1
2019-12-28,Southampton,Crystal Palace,0
2019-12-28,West Ham,Leicester City,-1
2019-12-28,Norwich City,Tottenham,0
2019-12-28,Burnley,Manchester Utd,-1
2019-12-29,Arsenal,Chelsea,-1
2019-12-29,Liverpool,Wolves,1
2019-12-29,Manchester City,Sheffield Utd,1
2020-01-01,Brighton,Chelsea,0
2020-01-01,Burnley,Aston Villa,-1
2020-01-01,Newcastle Utd,Leicester City,-1
2020-01-01,Southampton,Tottenham,1
2020-01-01,Watford,Wolves,1
2020-01-01,Norwich City,Crystal Palace,0
2020-01-01,West Ham,Bournemouth,1
2020-01-01,Manchester City,Everton,1
2020-01-01,Arsenal,Manchester Utd,1
2020-01-02,Liverpool,Sheffield Utd,1
2020-01-10,Sheffield Utd,West Ham,1
2020-01-11,Crystal Palace,Arsenal,0
2020-01-11,Chelsea,Burnley,1
2020-01-11,Everton,Brighton,1
2020-01-11,Leicester City,Southampton,-1
2020-01-11,Wolves,Newcastle Utd,0
2020-01-11,Manchester Utd,Norwich City,1
2020-01-11,Tottenham,Liverpool,-1
2020-01-12,Bournemouth,Watford,-1
2020-01-12,Aston Villa,Manchester City,-1
2020-01-18,Watford,Tottenham,0
2020-01-18,Arsenal,Sheffield Utd,0
2020-01-18,Norwich City,Bournemouth,1
2020-01-18,Manchester City,Crystal Palace,0
2020-01-18,Southampton,Wolves,-1
2020-01-18,Brighton,Aston Villa,0
2020-01-18,West Ham,Everton,0
2020-01-18,Newcastle Utd,Chelsea,1
2020-01-19,Burnley,Leicester City,1
2020-01-19,Liverpool,Manchester Utd,1
2020-01-21,Crystal Palace,Southampton,-1
2020-01-21,Everton,Newcastle Utd,0
2020-01-21,Aston Villa,Watford,1
2020-01-21,Sheffield Utd,Manchester City,-1
2020-01-21,Bournemouth,Brighton,1
2020-01-21,Chelsea,Arsenal,0
2020-01-22,Leicester City,West Ham,1
2020-01-22,Tottenham,Norwich City,1
2020-01-22,Manchester Utd,Burnley,-1
2020-01-23,Wolves,Liverpool,-1
2020-01-29,West Ham,Liverpool,-1
2020-02-01,Leicester City,Chelsea,0
2020-02-01,West Ham,Brighton,0
2020-02-01,Watford,Everton,-1
2020-02-01,Crystal Palace,Sheffield Utd,-1
2020-02-01,Liverpool,Southampton,1
2020-02-01,Bournemouth,Aston Villa,1
2020-02-01,Newcastle Utd,Norwich City,0
2020-02-01,Manchester Utd,Wolves,0
2020-02-02,Burnley,Arsenal,0
2020-02-02,Tottenham,Manchester City,1
2020-02-08,Everton,Crystal Palace,1
2020-02-08,Brighton,Watford,0
2020-02-09,Sheffield Utd,Bournemouth,1
2020-02-14,Wolves,Leicester City,0
2020-02-15,Southampton,Burnley,-1
2020-02-15,Norwich City,Liverpool,-1
2020-02-16,Aston Villa,Tottenham,-1
2020-02-16,Arsenal,Newcastle Utd,1
2020-02-17,Chelsea,Manchester Utd,-1
2020-02-19,Manchester City,West Ham,1
2020-02-22,Chelsea,Tottenham,1
2020-02-22,Crystal Palace,Newcastle Utd,1
2020-02-22,Southampton,Aston Villa,1
2020-02-22,Burnley,Bournemouth,1
2020-02-22,Sheffield Utd,Brighton,0
2020-02-22,Leicester City,Manchester City,-1
2020-02-23,Wolves,Norwich City,1
2020-02-23,Manchester Utd,Watford,1
2020-02-23,Arsenal,Everton,1
2020-02-24,Liverpool,West Ham,1
2020-02-28,Norwich City,Leicester City,1
2020-02-29,Brighton,Crystal Palace,-1
2020-02-29,West Ham,Southampton,1
2020-02-29,Bournemouth,Chelsea,0
2020-02-29,Newcastle Utd,Burnley,0
2020-02-29,Watford,Liverpool,1
2020-03-01,Tottenham,Wolves,-1
2020-03-01,Everton,Manchester Utd,0
2020-03-07,Liverpool,Bournemouth,1
2020-03-07,Wolves,Brighton,0
2020-03-07,Crystal Palace,Watford,1
2020-03-07,Southampton,Newcastle Utd,-1
2020-03-07,Arsenal,West Ham,1
2020-03-07,Sheffield Utd,Norwich City,1
2020-03-07,Burnley,Tottenham,0
2020-03-08,Chelsea,Everton,1
2020-03-08,Manchester Utd,Manchester City,1
2020-03-09,Leicester City,Aston Villa,1
2020-06-17,Aston Villa,Sheffield Utd,0
2020-06-17,Manchester City,Arsenal,1
2020-06-19,Norwich City,Southampton,-1
2020-06-19,Tottenham,Manchester Utd,0
2020-06-20,Watford,Leicester City,0
2020-06-20,Brighton,Arsenal,1
2020-06-20,West Ham,Wolves,-1
2020-06-20,Bournemouth,Crystal Palace,-1
2020-06-21,Newcastle Utd,Sheffield Utd,1
2020-06-21,Aston Villa,Chelsea,-1
2020-06-21,Everton,Liverpool,0
2020-06-22,Manchester City,Burnley,1
2020-06-23,Leicester City,Brighton,0
2020-06-23,Tottenham,West Ham,1
2020-06-24,Norwich City,Everton,-1
2020-06-24,Wolves,Bournemouth,1
2020-06-24,Manchester Utd,Sheffield Utd,1
2020-06-24,Newcastle Utd,Aston Villa,0
2020-06-24,Liverpool,Crystal Palace,1
2020-06-25,Southampton,Arsenal,-1
2020-06-25,Burnley,Watford,1
2020-06-25,Chelsea,Manchester City,1
2020-06-27,Aston Villa,Wolves,-1
2020-06-28,Watford,Southampton,-1
2020-06-29,Crystal Palace,Burnley,-1
2020-06-30,Brighton,Manchester Utd,-1
2020-07-01,Bournemouth,Newcastle Utd,-1
2020-07-01,Everton,Leicester City,1
2020-07-01,Arsenal,Norwich City,1
2020-07-01,West Ham,Chelsea,1
2020-07-02,Sheffield Utd,Tottenham,1
2020-07-02,Manchester City,Liverpool,1
2020-07-04,Norwich City,Brighton,-1
2020-07-04,Leicester City,Crystal Palace,1
2020-07-04,Manchester Utd,Bournemouth,1
2020-07-04,Wolves,Arsenal,-1
2020-07-04,Chelsea,Watford,1
2020-07-05,Burnley,Sheffield Utd,0
2020-07-05,Newcastle Utd,West Ham,0
2020-07-05,Liverpool,Aston Villa,1
2020-07-05,Southampton,Manchester City,1
2020-07-06,Tottenham,Everton,1
2020-07-07,Crystal Palace,Chelsea,-1
2020-07-07,Watford,Norwich City,1
2020-07-07,Arsenal,Leicester City,0
2020-07-08,Manchester City,Newcastle Utd,1
2020-07-08,West Ham,Burnley,-1
2020-07-08,Sheffield Utd,Wolves,1
2020-07-08,Brighton,Liverpool,-1
2020-07-09,Everton,Southampton,0
2020-07-09,Bournemouth,Tottenham,0
2020-07-09,Aston Villa,Manchester Utd,-1
2020-07-11,Norwich City,West Ham,-1
2020-07-11,Watford,Newcastle Utd,1
2020-07-11,Liverpool,Burnley,0
2020-07-11,Sheffield Utd,Chelsea,1
2020-07-11,Brighton,Manchester City,-1
2020-07-12,Wolves,Everton,1
2020-07-12,Aston Villa,Crystal Palace,1
2020-07-12,Tottenham,Arsenal,1
2020-07-12,Bournemouth,Leicester City,1
2020-07-13,Manchester Utd,Southampton,0
2020-07-14,Chelsea,Norwich City,1
2020-07-15,Newcastle Utd,Tottenham,-1
2020-07-15,Burnley,Wolves,0
2020-07-15,Manchester City,Bournemouth,1
2020-07-15,Arsenal,Liverpool,1
2020-07-16,Leicester City,Sheffield Utd,1
2020-07-16,Everton,Aston Villa,0
2020-07-16,Crystal Palace,Manchester Utd,-1
2020-07-16,Southampton,Brighton,0
2020-07-17,West Ham,Watford,1
2020-07-18,Norwich City,Burnley,-1
2020-07-19,Bournemouth,Southampton,-1
2020-07-19,Tottenham,Leicester City,1
2020-07-20,Brighton,Newcastle Utd,0
2020-07-20,Sheffield Utd,Everton,-1
2020-07-20,Wolves,Crystal Palace,1
2020-07-21,Watford,Manchester City,-1
2020-07-21,Aston Villa,Arsenal,1
2020-07-22,Manchester Utd,West Ham,0
2020-07-22,Liverpool,Chelsea,1
2020-07-26,Everton,Bournemouth,-1
2020-07-26,Leicester City,Manchester Utd,-1
2020-07-26,Southampton,Sheffield Utd,1
2020-07-26,Arsenal,Watford,1
2020-07-26,Crystal Palace,Tottenham,0
2020-07-26,Manchester City,Norwich City,1
2020-07-26,Chelsea,Wolves,1
2020-07-26,West Ham,Aston Villa,0
2020-07-26,Newcastle Utd,Liverpool,-1
2020-07-26,Burnley,Brighton,-1
2020-09-12,Fulham,Arsenal,-1
2020-09-12,Crystal Palace,Southampton,1
2020-09-12,Liverpool,Leeds United,1
2020-09-12,West Ham,Newcastle Utd,-1
2020-09-13,West Brom,Leicester City,-1
2020-09-13,Tottenham,Everton,-1
2020-09-14,Sheffield Utd,Wolves,-1
2020-09-14,Brighton,Chelsea,-1
2020-09-19,Everton,West Brom,1
2020-09-19,Leeds United,Fulham,1
2020-09-19,Manchester Utd,Crystal Palace,-1
2020-09-19,Arsenal,West Ham,1
2020-09-20,Southampton,Tottenham,-1
2020-09-20,Newcastle Utd,Brighton,-1
2020-09-20,Chelsea,Liverpool,-1
2020-09-20,Leicester City,Burnley,1
2020-09-21,Aston Villa,Sheffield Utd,1
2020-09-21,Wolves,Manchester City,-1
2020-09-26,Brighton,Manchester Utd,-1
2020-09-26,Crystal Palace,Everton,-1
2020-09-26,West Brom,Chelsea,0
2020-09-26,Burnley,Southampton,-1
2020-09-27,Sheffield Utd,Leeds United,-1
2020-09-27,Tottenham,Newcastle Utd,0
2020-09-27,Manchester City,Leicester City,-1
2020-09-27,West Ham,Wolves,1
2020-09-28,Fulham,Aston Villa,-1
2020-09-28,Liverpool,Arsenal,1
2020-10-03,Chelsea,Crystal Palace,1
2020-10-03,Everton,Brighton,1
2020-10-03,Leeds United,Manchester City,0
2020-10-03,Newcastle Utd,Burnley,1
2020-10-04,Southampton,West Brom,1
2020-10-04,Leicester City,West Ham,-1
2020-10-04,Arsenal,Sheffield Utd,1
2020-10-04,Wolves,Fulham,1
2020-10-04,Manchester Utd,Tottenham,-1
2020-10-04,Aston Villa,Liverpool,1
2020-10-17,Everton,Liverpool,0
2020-10-17,Chelsea,Southampton,0
2020-10-17,Manchester City,Arsenal,1
2020-10-17,Newcastle Utd,Manchester Utd,-1
2020-10-18,Sheffield Utd,Fulham,0
2020-10-18,Crystal Palace,Brighton,0
2020-10-18,Tottenham,West Ham,0
2020-10-18,Leicester City,Aston Villa,-1
2020-10-19,West Brom,Burnley,0
2020-10-19,Leeds United,Wolves,-1
2020-10-23,Aston Villa,Leeds United,-1
2020-10-24,West Ham,Manchester City,0
2020-10-24,Fulham,Crystal Palace,-1
2020-10-24,Manchester Utd,Chelsea,0
2020-10-24,Liverpool,Sheffield Utd,1
2020-10-25,Southampton,Everton,1
2020-10-25,Wolves,Newcastle Utd,0
2020-10-25,Arsenal,Leicester City,-1
2020-10-26,Brighton,West Brom,0
2020-10-26,Burnley,Tottenham,-1
2020-10-30,Wolves,Crystal Palace,1
2020-10-31,Sheffield Utd,Manchester City,-1
2020-10-31,Burnley,Chelsea,-1
2020-10-31,Liverpool,West Ham,1
2020-11-01,Aston Villa,Southampton,-1
2020-11-01,Newcastle Utd,Everton,1
2020-11-01,Manchester Utd,Arsenal,-1
2020-11-01,Tottenham,Brighton,1
2020-11-02,Fulham,West Brom,1
2020-11-02,Leeds United,Leicester City,-1
2020-11-06,Brighton,Burnley,0
2020-11-06,Southampton,Newcastle Utd,1
2020-11-07,Everton,Manchester Utd,-1
2020-11-07,Crystal Palace,Leeds United,1
2020-11-07,Chelsea,Sheffield Utd,1
2020-11-07,West Ham,Fulham,1
2020-11-08,West Brom,Tottenham,-1
2020-11-08,Leicester City,Wolves,1
2020-11-08,Manchester City,Liverpool,0
2020-11-08,Arsenal,Aston Villa,-1
2020-11-21,Newcastle Utd,Chelsea,-1
2020-11-21,Aston Villa,Brighton,-1
2020-11-21,Tottenham,Manchester City,1
2020-11-21,Manchester Utd,West Brom,1
2020-11-22,Fulham,Everton,-1
2020-11-22,Sheffield Utd,West Ham,-1
2020-11-22,Leeds United,Arsenal,0
2020-11-22,Liverpool,Leicester City,1
2020-11-23,Burnley,Crystal Palace,1
2020-11-23,Wolves,Southampton,0
2020-11-27,Crystal Palace,Newcastle Utd,-1
2020-11-28,Brighton,Liverpool,0
2020-11-28,Manchester City,Burnley,1
2020-11-28,Everton,Leeds United,-1
2020-11-28,West Brom,Sheffield Utd,1
2020-11-29,Southampton,Manchester Utd,-1
2020-11-29,Chelsea,Tottenham,0
2020-11-29,Arsenal,Wolves,-1
2020-11-30,Leicester City,Fulham,-1
2020-11-30,West Ham,Aston Villa,1
2020-12-05,Burnley,Everton,0
2020-12-05,Manchester City,Fulham,1
2020-12-05,West Ham,Manchester Utd,-1
2020-12-05,Chelsea,Leeds United,1
2020-12-06,West Brom,Crystal Palace,-1
2020-12-06,Sheffield Utd,Leicester City,-1
2020-12-06,Tottenham,Arsenal,1
2020-12-06,Liverpool,Wolves,1
2020-12-07,Brighton,Southampton,-1
2020-12-11,Leeds United,West Ham,-1
2020-12-12,Wolves,Aston Villa,-1
2020-12-12,Newcastle Utd,West Brom,1
2020-12-12,Manchester Utd,Manchester City,0
2020-12-12,Everton,Chelsea,1
2020-12-13,Southampton,Sheffield Utd,1
2020-12-13,Crystal Palace,Tottenham,0
2020-12-13,Fulham,Liverpool,0
2020-12-13,Leicester City,Brighton,1
2020-12-13,Arsenal,Burnley,-1
2020-12-15,Wolves,Chelsea,1
2020-12-15,Manchester City,West Brom,0
2020-12-16,Arsenal,Southampton,0
2020-12-16,Leicester City,Everton,-1
2020-12-16,Leeds United,Newcastle Utd,1
2020-12-16,Liverpool,Tottenham,1
2020-12-16,West Ham,Crystal Palace,0
2020-12-16,Fulham,Brighton,0
2020-12-17,Aston Villa,Burnley,0
2020-12-17,Sheffield Utd,Manchester Utd,-1
2020-12-19,Crystal Palace,Liverpool,-1
2020-12-19,Southampton,Manchester City,-1
2020-12-19,Everton,Arsenal,1
2020-12-19,Newcastle Utd,Fulham,0
2020-12-20,Brighton,Sheffield Utd,0
2020-12-20,Tottenham,Leicester City,-1
2020-12-20,Manchester Utd,Leeds United,1
2020-12-20,West Brom,Aston Villa,-1
2020-12-21,Burnley,Wolves,1
2020-12-21,Chelsea,West Ham,1
2020-12-26,Leicester City,Manchester Utd,0
2020-12-26,Aston Villa,Crystal Palace,1
2020-12-26,Fulham,Southampton,0
2020-12-26,Arsenal,Chelsea,1
2020-12-26,Sheffield Utd,Everton,-1
2020-12-26,Manchester City,Newcastle Utd,1
2020-12-27,Leeds United,Burnley,1
2020-12-27,West Ham,Brighton,0
2020-12-27,Liverpool,West Brom,0
2020-12-27,Wolves,Tottenham,0
2020-12-28,Crystal Palace,Leicester City,0
2020-12-28,Chelsea,Aston Villa,0
2020-12-29,West Brom,Leeds United,-1
2020-12-29,Southampton,West Ham,0
2020-12-29,Burnley,Sheffield Utd,1
2020-12-29,Brighton,Arsenal,-1
2020-12-29,Manchester Utd,Wolves,1
2020-12-30,Newcastle Utd,Liverpool,0
2021-01-01,Everton,West Ham,-1
2021-01-01,Manchester Utd,Aston Villa,1
2021-01-02,Tottenham,Leeds United,1
2021-01-02,Crystal Palace,Sheffield Utd,1
2021-01-02,Brighton,Wolves,0
2021-01-02,West Brom,Arsenal,-1
2021-01-03,Newcastle Utd,Leicester City,-1
2021-01-03,Chelsea,Manchester City,-1
2021-01-04,Southampton,Liverpool,1
2021-01-12,Sheffield Utd,Newcastle Utd,1
2021-01-12,Burnley,Manchester Utd,-1
2021-01-12,Wolves,Everton,-1
2021-01-13,Manchester City,Brighton,1
2021-01-13,Tottenham,Fulham,0
2021-01-14,Arsenal,Crystal Palace,0
2021-01-16,Wolves,West Brom,-1
2021-01-16,West Ham,Burnley,1
2021-01-16,Leeds United,Brighton,-1
2021-01-16,Fulham,Chelsea,-1
2021-01-16,Leicester City,Southampton,1
2021-01-17,Sheffield Utd,Tottenham,-1
2021-01-17,Liverpool,Manchester Utd,0
2021-01-17,Manchester City,Crystal Palace,1
2021-01-18,Arsenal,Newcastle Utd,1
2021-01-19,West Ham,West Brom,1
2021-01-19,Leicester City,Chelsea,1
2021-01-20,Manchester City,Aston Villa,1
2021-01-20,Fulham,Manchester Utd,-1
2021-01-21,Liverpool,Burnley,-1
2021-01-23,Aston Villa,Newcastle Utd,1
2021-01-26,Newcastle Utd,Leeds United,-1
2021-01-26,Crystal Palace,West Ham,-1
2021-01-26,West Brom,Manchester City,-1
2021-01-26,Southampton,Arsenal,-1
2021-01-27,Chelsea,Wolves,0
2021-01-27,Burnley,Aston Villa,1
2021-01-27,Brighton,Fulham,0
2021-01-27,Everton,Leicester City,0
2021-01-27,Manchester Utd,Sheffield Utd,-1
2021-01-28,Tottenham,Liverpool,-1
2021-01-30,Everton,Newcastle Utd,-1
2021-01-30,Crystal Palace,Wolves,1
2021-01-30,Manchester City,Sheffield Utd,1
2021-01-30,West Brom,Fulham,0
2021-01-30,Arsenal,Manchester Utd,0
2021-01-30,Southampton,Aston Villa,-1
2021-01-31,Chelsea,Burnley,1
2021-01-31,Leicester City,Leeds United,-1
2021-01-31,West Ham,Liverpool,-1
2021-01-31,Brighton,Tottenham,1
2021-02-02,Sheffield Utd,West Brom,1
2021-02-02,Wolves,Arsenal,1
2021-02-02,Manchester Utd,Southampton,1
2021-02-02,Newcastle Utd,Crystal Palace,-1
2021-02-03,Burnley,Manchester City,-1
2021-02-03,Fulham,Leicester City,-1
2021-02-03,Leeds United,Everton,-1
2021-02-03,Liverpool,Brighton,-1
2021-02-03,Aston Villa,West Ham,-1
2021-02-04,Tottenham,Chelsea,-1
2021-02-06,Aston Villa,Arsenal,1
2021-02-06,Burnley,Brighton,0
2021-02-06,Newcastle Utd,Southampton,1
2021-02-06,Fulham,West Ham,0
2021-02-06,Manchester Utd,Everton,0
2021-02-07,Tottenham,West Brom,1
2021-02-07,Wolves,Leicester City,0
2021-02-07,Liverpool,Manchester City,-1
2021-02-07,Sheffield Utd,Chelsea,-1
2021-02-08,Leeds United,Crystal Palace,1
2021-02-13,Leicester City,Liverpool,1
2021-02-13,Crystal Palace,Burnley,-1
2021-02-13,Manchester City,Tottenham,1
2021-02-13,Brighton,Aston Villa,0
2021-02-14,Southampton,Wolves,-1
2021-02-14,West Brom,Manchester Utd,0
2021-02-14,Arsenal,Leeds United,1
2021-02-14,Everton,Fulham,-1
2021-02-15,West Ham,Sheffield Utd,1
2021-02-15,Chelsea,Newcastle Utd,1
2021-02-17,Burnley,Fulham,0
2021-02-17,Everton,Manchester City,-1
2021-02-19,Wolves,Leeds United,1
2021-02-20,Southampton,Chelsea,0
2021-02-20,Burnley,West Brom,0
2021-02-20,Liverpool,Everton,-1
2021-02-20,Fulham,Sheffield Utd,1
2021-02-21,West Ham,Tottenham,1
2021-02-21,Aston Villa,Leicester City,-1
2021-02-21,Arsenal,Manchester City,-1
2021-02-21,Manchester Utd,Newcastle Utd,1
2021-02-22,Brighton,Crystal Palace,-1
2021-02-23,Leeds United,Southampton,1
2021-02-27,Manchester City,West Ham,1
2021-02-27,West Brom,Brighton,1
2021-02-27,Leeds United,Aston Villa,-1
2021-02-27,Newcastle Utd,Wolves,0
2021-02-28,Crystal Palace,Fulham,0
2021-02-28,Leicester City,Arsenal,-1
2021-02-28,Tottenham,Burnley,1
2021-02-28,Chelsea,Manchester Utd,0
2021-02-28,Sheffield Utd,Liverpool,-1
2021-03-01,Everton,Southampton,1
2021-03-02,Manchester City,Wolves,1
2021-03-03,Sheffield Utd,Aston Villa,1
2021-03-03,Burnley,Leicester City,0
2021-03-03,Crystal Palace,Manchester Utd,0
2021-03-04,West Brom,Everton,-1
2021-03-04,Fulham,Tottenham,-1
2021-03-04,Liverpool,Chelsea,-1
2021-03-06,Burnley,Arsenal,0
2021-03-06,Sheffield Utd,Southampton,-1
2021-03-06,Aston Villa,Wolves,0
2021-03-06,Brighton,Leicester City,-1
2021-03-07,West Brom,Newcastle Utd,0
2021-03-07,Liverpool,Fulham,-1
2021-03-07,Manchester City,Manchester Utd,-1
2021-03-07,Tottenham,Crystal Palace,1
2021-03-08,Chelsea,Everton,1
2021-03-08,West Ham,Leeds United,1
2021-03-10,Manchester City,Southampton,1
2021-03-12,Newcastle Utd,Aston Villa,0
2021-03-13,Leeds United,Chelsea,0
2021-03-13,Crystal Palace,West Brom,1
2021-03-13,Everton,Burnley,-1
2021-03-13,Fulham,Manchester City,-1
2021-03-14,Southampton,Brighton,-1
2021-03-14,Leicester City,Sheffield Utd,1
2021-03-14,Arsenal,Tottenham,1
2021-03-14,Manchester Utd,West Ham,1
2021-03-15,Wolves,Liverpool,-1
2021-03-19,Fulham,Leeds United,-1
2021-03-20,Brighton,Newcastle Utd,1
2021-03-21,West Ham,Arsenal,0
2021-03-21,Aston Villa,Tottenham,-1
2021-04-03,Chelsea,West Brom,-1
2021-04-03,Leeds United,Sheffield Utd,1
2021-04-03,Leicester City,Manchester City,-1
2021-04-03,Arsenal,Liverpool,-1
2021-04-04,Southampton,Burnley,1
2021-04-04,Newcastle Utd,Tottenham,0
2021-04-04,Aston Villa,Fulham,1
2021-04-04,Manchester Utd,Brighton,1
2021-04-05,Everton,Crystal Palace,0
2021-04-05,Wolves,West Ham,-1
2021-04-09,Fulham,Wolves,-1
2021-04-10,Manchester City,Leeds United,-1
2021-04-10,Liverpool,Aston Villa,1
2021-04-10,Crystal Palace,Chelsea,-1
2021-04-11,Burnley,Newcastle Utd,-1
2021-04-11,West Ham,Leicester City,1
2021-04-11,Tottenham,Manchester Utd,-1
2021-04-11,Sheffield Utd,Arsenal,-1
2021-04-12,West Brom,Southampton,1
2021-04-12,Brighton,Everton,0
2021-04-16,Everton,Tottenham,0
2021-04-17,Newcastle Utd,West Ham,1
2021-04-17,Wolves,Sheffield Utd,1
2021-04-18,Arsenal,Fulham,0
2021-04-18,Manchester Utd,Burnley,1
2021-04-19,Leeds United,Liverpool,0
2021-04-20,Chelsea,Brighton,0
2021-04-21,Tottenham,Southampton,1
2021-04-21,Aston Villa,Manchester City,-1
2021-04-22,Leicester City,West Brom,1
2021-04-23,Arsenal,Everton,-1
2021-04-24,Liverpool,Newcastle Utd,0
2021-04-24,West Ham,Chelsea,-1
2021-04-24,Sheffield Utd,Brighton,1
2021-04-25,Wolves,Burnley,-1
2021-04-25,Leeds United,Manchester Utd,0
2021-04-25,Aston Villa,West Brom,0
2021-04-26,Leicester City,Crystal Palace,1
2021-04-30,Southampton,Leicester City,0
2021-05-01,Crystal Palace,Manchester City,-1
2021-05-01,Brighton,Leeds United,1
2021-05-01,Chelsea,Fulham,1
2021-05-01,Everton,Aston Villa,-1
2021-05-02,Newcastle Utd,Arsenal,-1
2021-05-02,Tottenham,Sheffield Utd,1
2021-05-03,West Brom,Wolves,0
2021-05-03,Burnley,West Ham,-1
2021-05-07,Leicester City,Newcastle Utd,-1
2021-05-08,Leeds United,Tottenham,1
2021-05-08,Sheffield Utd,Crystal Palace,-1
2021-05-08,Manchester City,Chelsea,-1
2021-05-08,Liverpool,Southampton,1
2021-05-09,Wolves,Brighton,1
2021-05-09,Aston Villa,Manchester Utd,-1
2021-05-09,West Ham,Everton,-1
2021-05-09,Arsenal,West Brom,1
2021-05-10,Fulham,Burnley,-1
2021-05-11,Manchester Utd,Leicester City,-1
2021-05-11,Southampton,Crystal Palace,1
2021-05-12,Chelsea,Arsenal,-1
2021-05-13,Aston Villa,Everton,0
2021-05-13,Manchester Utd,Liverpool,-1
2021-05-14,Newcastle Utd,Manchester City,-1
2021-05-15,Burnley,Leeds United,-1
2021-05-15,Southampton,Fulham,1
2021-05-15,Brighton,West Ham,0
2021-05-16,Crystal Palace,Aston Villa,1
2021-05-16,Tottenham,Wolves,1
2021-05-16,West Brom,Liverpool,-1
2021-05-16,Everton,Sheffield Utd,-1
2021-05-18,Manchester Utd,Fulham,0
2021-05-18,Southampton,Leeds United,-1
2021-05-18,Brighton,Manchester City,1
2021-05-18,Chelsea,Leicester City,1
2021-05-19,Newcastle Utd,Sheffield Utd,1
2021-05-19,Tottenham,Aston Villa,-1
2021-05-19,Everton,Wolves,1
2021-05-19,Crystal Palace,Arsenal,-1
2021-05-19,Burnley,Liverpool,-1
2021-05-19,West Brom,West Ham,-1
2021-05-23,Aston Villa,Chelsea,1
2021-05-23,Leicester City,Tottenham,-1
2021-05-23,Manchester City,Everton,1
2021-05-23,Sheffield Utd,Burnley,1
2021-05-23,Wolves,Manchester Utd,-1
2021-05-23,West Ham,Southampton,1
2021-05-23,Leeds United,West Brom,1
2021-05-23,Arsenal,Brighton,1
2021-05-23,Liverpool,Crystal Palace,1
2021-05-23,Fulham,Newcastle Utd,-1
2021-08-13,Brentford,Arsenal,1
2021-08-14,Manchester Utd,Leeds United,1
2021-08-14,Leicester City,Wolves,1
2021-08-14,Burnley,Brighton,-1
2021-08-14,Chelsea,Crystal Palace,1
2021-08-14,Watford,Aston Villa,1
2021-08-14,Everton,Southampton,1
2021-08-14,Norwich City,Liverpool,-1
2021-08-15,Newcastle Utd,West Ham,-1
2021-08-15,Tottenham,Manchester City,1
2021-08-21,Liverpool,Burnley,1
2021-08-21,Aston Villa,Newcastle Utd,1
2021-08-21,Manchester City,Norwich City,1
2021-08-21,Leeds United,Everton,0
2021-08-21,Crystal Palace,Brentford,0
2021-08-21,Brighton,Watford,1
2021-08-22,Wolves,Tottenham,-1
2021-08-22,Southampton,Manchester Utd,0
2021-08-22,Arsenal,Chelsea,-1
2021-08-23,West Ham,Leicester City,1
2021-08-28,Manchester City,Arsenal,1
2021-08-28,Norwich City,Leicester City,-1
2021-08-28,West Ham,Crystal Palace,0
2021-08-28,Aston Villa,Brentford,0
2021-08-28,Newcastle Utd,Southampton,0
2021-08-28,Brighton,Everton,-1
2021-08-28,Liverpool,Chelsea,0
2021-08-29,Burnley,Leeds United,0
2021-08-29,Tottenham,Watford,1
2021-08-29,Wolves,Manchester Utd,-1
2021-09-11,Crystal Palace,Tottenham,1
2021-09-11,Watford,Wolves,-1
2021-09-11,Brentford,Brighton,-1
2021-09-11,Arsenal,Norwich City,1
2021-09-11,Manchester Utd,Newcastle Utd,1
2021-09-11,Leicester City,Manchester City,-1
2021-09-11,Southampton,West Ham,0
2021-09-11,Chelsea,Aston Villa,1
2021-09-12,Leeds United,Liverpool,-1
2021-09-13,Everton,Burnley,1
2021-09-17,Newcastle Utd,Leeds United,0
2021-09-18,Wolves,Brentford,-1
2021-09-18,Manchester City,Southampton,0
2021-09-18,Liverpool,Crystal Palace,1
2021-09-18,Norwich City,Watford,-1
2021-09-18,Burnley,Arsenal,-1
2021-09-18,Aston Villa,Everton,1
2021-09-19,West Ham,Manchester Utd,-1
2021-09-19,Brighton,Leicester City,1
2021-09-19,Tottenham,Chelsea,-1
2021-09-25,Manchester Utd,Aston Villa,-1
2021-09-25,Chelsea,Manchester City,-1
2021-09-25,Leicester City,Burnley,0
2021-09-25,Leeds United,West Ham,-1
2021-09-25,Watford,Newcastle Utd,0
2021-09-25,Everton,Norwich City,1
2021-09-25,Brentford,Liverpool,0
2021-09-26,Southampton,Wolves,-1
2021-09-26,Arsenal,Tottenham,1
2021-09-27,Crystal Palace,Brighton,0
2021-10-02,Manchester Utd,Everton,0
2021-10-02,Wolves,Newcastle Utd,1
2021-10-02,Burnley,Norwich City,0
2021-10-02,Chelsea,Southampton,1
2021-10-02,Leeds United,Watford,1
2021-10-02,Brighton,Arsenal,0
2021-10-03,Tottenham,Aston Villa,1
2021-10-03,Crystal Palace,Leicester City,0
2021-10-03,West Ham,Brentford,-1
2021-10-03,Liverpool,Manchester City,0
2021-10-16,Watford,Liverpool,-1
2021-10-16,Leicester City,Manchester Utd,1
2021-10-16,Manchester City,Burnley,1
2021-10-16,Southampton,Leeds United,1
2021-10-16,Aston Villa,Wolves,-1
2021-10-16,Norwich City,Brighton,0
2021-10-16,Brentford,Chelsea,-1
2021-10-17,Everton,West Ham,-1
2021-10-17,Newcastle Utd,Tottenham,-1
2021-10-18,Arsenal,Crystal Palace,0
2021-10-22,Arsenal,Aston Villa,1
2021-10-23,Chelsea,Norwich City,1
2021-10-23,Leeds United,Wolves,0
2021-10-23,Crystal Palace,Newcastle Utd,0
2021-10-23,Everton,Watford,-1
2021-10-23,Southampton,Burnley,0
2021-10-23,Brighton,Manchester City,-1
2021-10-24,West Ham,Tottenham,1
2021-10-24,Brentford,Leicester City,-1
2021-10-24,Manchester Utd,Liverpool,-1
2021-10-30,Leicester City,Arsenal,-1
2021-10-30,Newcastle Utd,Chelsea,-1
2021-10-30,Liverpool,Brighton,0
2021-10-30,Burnley,Brentford,1
2021-10-30,Watford,Southampton,-1
2021-10-30,Manchester City,Crystal Palace,-1
2021-10-30,Tottenham,Manchester Utd,-1
2021-10-31,Norwich City,Leeds United,-1
2021-10-31,Aston Villa,West Ham,-1
2021-11-01,Wolves,Everton,1
2021-11-05,Southampton,Aston Villa,1
2021-11-06,Manchester Utd,Manchester City,-1
2021-11-06,Brentford,Norwich City,-1
2021-11-06,Chelsea,Burnley,0
2021-11-06,Crystal Palace,Wolves,1
2021-11-06,Brighton,Newcastle Utd,0
2021-11-07,Everton,Tottenham,0
2021-11-07,Leeds United,Leicester City,0
2021-11-07,Arsenal,Watford,1
2021-11-07,West Ham,Liverpool,1
2021-11-20,Leicester City,Chelsea,-1
2021-11-20,Wolves,West Ham,1
2021-11-20,Watford,Manchester Utd,1
2021-11-20,Norwich City,Southampton,1
2021-11-20,Aston Villa,Brighton,1
2021-11-20,Newcastle Utd,Brentford,0
2021-11-20,Burnley,Crystal Palace,0
2021-11-20,Liverpool,Arsenal,1
2021-11-21,Manchester City,Everton,1
2021-11-21,Tottenham,Leeds United,1
2021-11-27,Arsenal,Newcastle Utd,1
2021-11-27,Crystal Palace,Aston Villa,-1
2021-11-27,Liverpool,Southampton,1
2021-11-27,Norwich City,Wolves,0
2021-11-27,Brighton,Leeds United,0
2021-11-28,Brentford,Everton,1
2021-11-28,Leicester City,Watford,1
2021-11-28,Manchester City,West Ham,1
2021-11-28,Chelsea,Manchester Utd,0
2021-11-30,Newcastle Utd,Norwich City,0
2021-11-30,Leeds United,Crystal Palace,1
2021-12-01,Southampton,Leicester City,0
2021-12-01,West Ham,Brighton,0
2021-12-01,Wolves,Burnley,0
2021-12-01,Watford,Chelsea,-1
2021-12-01,Aston Villa,Manchester City,-1
2021-12-01,Everton,Liverpool,-1
2021-12-02,Tottenham,Brentford,1
2021-12-02,Manchester Utd,Arsenal,1
2021-12-04,West Ham,Chelsea,1
2021-12-04,Newcastle Utd,Burnley,1
2021-12-04,Southampton,Brighton,0
2021-12-04,Wolves,Liverpool,-1
2021-12-04,Watford,Manchester City,-1
2021-12-05,Leeds United,Brentford,0
2021-12-05,Tottenham,Norwich City,1
2021-12-05,Manchester Utd,Crystal Palace,1
2021-12-05,Aston Villa,Leicester City,1
2021-12-06,Everton,Arsenal,1
2021-12-10,Brentford,Watford,1
2021-12-11,Manchester City,Wolves,1
2021-12-11,Liverpool,Aston Villa,1
2021-12-11,Arsenal,Southampton,1
2021-12-11,Chelsea,Leeds United,1
2021-12-11,Norwich City,Manchester Utd,-1
2021-12-12,Burnley,West Ham,0
2021-12-12,Leicester City,Newcastle Utd,1
2021-12-12,Crystal Palace,Everton,1
2021-12-14,Norwich City,Aston Villa,-1
2021-12-14,Manchester City,Leeds United,1
2021-12-15,Brighton,Wolves,-1
2021-12-15,Crystal Palace,Southampton,0
2021-12-15,Arsenal,West Ham,1
2021-12-16,Chelsea,Everton,0
2021-12-16,Liverpool,Newcastle Utd,1
2021-12-18,Leeds United,Arsenal,-1
2021-12-19,Wolves,Chelsea,0
2021-12-19,Newcastle Utd,Manchester City,-1
2021-12-19,Tottenham,Liverpool,0
2021-12-26,West Ham,Southampton,-1
2021-12-26,Manchester City,Leicester City,1
2021-12-26,Norwich City,Arsenal,-1
2021-12-26,Tottenham,Crystal Palace,1
2021-12-26,Aston Villa,Chelsea,-1
2021-12-26,Brighton,Brentford,1
2021-12-27,Newcastle Utd,Manchester Utd,0
2021-12-28,Southampton,Tottenham,0
2021-12-28,Crystal Palace,Norwich City,1
2021-12-28,Watford,West Ham,-1
2021-12-28,Leicester City,Liverpool,1
2021-12-29,Chelsea,Brighton,0
2021-12-29,Brentford,Manchester City,-1
2021-12-30,Manchester Utd,Burnley,1
2022-01-01,Arsenal,Manchester City,-1
2022-01-01,Watford,Tottenham,-1
2022-01-01,Crystal Palace,West Ham,-1
2022-01-02,Leeds United,Burnley,1
2022-01-02,Brentford,Aston Villa,1
2022-01-02,Everton,Brighton,-1
2022-01-02,Chelsea,Liverpool,0
2022-01-03,Manchester Utd,Wolves,-1
2022-01-11,Southampton,Brentford,1
2022-01-12,West Ham,Norwich City,1
2022-01-14,Brighton,Crystal Palace,0
2022-01-15,Manchester City,Chelsea,1
2022-01-15,Norwich City,Everton,1
2022-01-15,Newcastle Utd,Watford,0
2022-01-15,Wolves,Southampton,1
2022-01-15,Aston Villa,Manchester Utd,0
2022-01-16,West Ham,Leeds United,-1
2022-01-16,Liverpool,Brentford,1
2022-01-18,Brighton,Chelsea,0
2022-01-19,Leicester City,Tottenham,-1
2022-01-19,Brentford,Manchester Utd,-1
2022-01-21,Watford,Norwich City,-1
2022-01-22,Everton,Aston Villa,-1
2022-01-22,Leeds United,Newcastle Utd,-1
2022-01-22,Manchester Utd,West Ham,1
2022-01-22,Brentford,Wolves,-1
2022-01-22,Southampton,Manchester City,0
2022-01-23,Crystal Palace,Liverpool,-1
2022-01-23,Arsenal,Burnley,0
2022-01-23,Leicester City,Brighton,0
2022-01-23,Chelsea,Tottenham,1
2022-02-05,Burnley,Watford,0
2022-02-08,West Ham,Watford,1
2022-02-08,Newcastle Utd,Everton,1
2022-02-08,Burnley,Manchester Utd,0
2022-02-09,Tottenham,Southampton,-1
2022-02-09,Norwich City,Crystal Palace,0
2022-02-09,Manchester City,Brentford,1
2022-02-09,Aston Villa,Leeds United,0
2022-02-10,Liverpool,Leicester City,1
2022-02-10,Wolves,Arsenal,-1
2022-02-12,Manchester Utd,Southampton,0
2022-02-12,Everton,Leeds United,1
2022-02-12,Brentford,Crystal Palace,0
2022-02-12,Watford,Brighton,-1
2022-02-12,Norwich City,Manchester City,-1
2022-02-13,Newcastle Utd,Aston Villa,1
2022-02-13,Burnley,Liverpool,-1
2022-02-13,Tottenham,Wolves,-1
2022-02-13,Leicester City,West Ham,0
2022-02-15,Manchester Utd,Brighton,1
2022-02-19,West Ham,Newcastle Utd,0
2022-02-19,Aston Villa,Watford,-1
2022-02-19,Arsenal,Brentford,1
2022-02-19,Southampton,Everton,1
2022-02-19,Liverpool,Norwich City,1
2022-02-19,Brighton,Burnley,-1
2022-02-19,Crystal Palace,Chelsea,-1
2022-02-19,Manchester City,Tottenham,-1
2022-02-20,Leeds United,Manchester Utd,-1
2022-02-20,Wolves,Leicester City,1
2022-02-23,Burnley,Tottenham,1
2022-02-23,Watford,Crystal Palace,-1
2022-02-23,Liverpool,Leeds United,1
2022-02-24,Arsenal,Wolves,1
2022-02-25,Southampton,Norwich City,1
2022-02-26,Leeds United,Tottenham,-1
2022-02-26,Crystal Palace,Burnley,0
2022-02-26,Manchester Utd,Watford,0
2022-02-26,Brighton,Aston Villa,-1
2022-02-26,Brentford,Newcastle Utd,-1
2022-02-26,Everton,Manchester City,-1
2022-02-27,West Ham,Wolves,1
2022-03-01,Burnley,Leicester City,-1
2022-03-05,Leicester City,Leeds United,1
2022-03-05,Newcastle Utd,Brighton,1
2022-03-05,Aston Villa,Southampton,1
2022-03-05,Burnley,Chelsea,-1
2022-03-05,Wolves,Crystal Palace,-1
2022-03-05,Norwich City,Brentford,-1
2022-03-05,Liverpool,West Ham,1
2022-03-06,Watford,Arsenal,-1
2022-03-06,Manchester City,Manchester Utd,1
2022-03-07,Tottenham,Everton,1
2022-03-10,Wolves,Watford,1
2022-03-10,Southampton,Newcastle Utd,-1
2022-03-10,Norwich City,Chelsea,-1
2022-03-10,Leeds United,Aston Villa,-1
2022-03-12,Brighton,Liverpool,-1
2022-03-12,Brentford,Burnley,1
2022-03-12,Manchester Utd,Tottenham,1
2022-03-13,Chelsea,Newcastle Utd,1
2022-03-13,Southampton,Watford,-1
2022-03-13,West Ham,Aston Villa,1
2022-03-13,Everton,Wolves,-1
2022-03-13,Leeds United,Norwich City,1
2022-03-13,Arsenal,Leicester City,1
2022-03-14,Crystal Palace,Manchester City,0
2022-03-16,Brighton,Tottenham,-1
2022-03-16,Arsenal,Liverpool,-1
2022-03-17,Everton,Newcastle Utd,1
2022-03-18,Wolves,Leeds United,-1
2022-03-19,Aston Villa,Arsenal,-1
2022-03-20,Leicester City,Brentford,1
2022-03-20,Tottenham,West Ham,1
2022-04-02,Liverpool,Watford,1
2022-04-02,Wolves,Aston Villa,1
2022-04-02,Leeds United,Southampton,0
2022-04-02,Chelsea,Brentford,-1
2022-04-02,Burnley,Manchester City,-1
2022-04-02,Brighton,Norwich City,0
2022-04-02,Manchester Utd,Leicester City,0
2022-04-03,West Ham,Everton,1
2022-04-03,Tottenham,Newcastle Utd,1
2022-04-04,Crystal Palace,Arsenal,1
2022-04-06,Burnley,Everton,1
2022-04-08,Newcastle Utd,Wolves,1
2022-04-09,Everton,Manchester Utd,1
2022-04-09,Arsenal,Brighton,-1
2022-04-09,Southampton,Chelsea,-1
2022-04-09,Watford,Leeds United,-1
2022-04-09,Aston Villa,Tottenham,-1
2022-04-10,Brentford,West Ham,1
2022-04-10,Leicester City,Crystal Palace,1
2022-04-10,Norwich City,Burnley,1
2022-04-10,Manchester City,Liverpool,0
2022-04-16,Tottenham,Brighton,-1
2022-04-16,Manchester Utd,Norwich City,1
2022-04-16,Watford,Brentford,-1
2022-04-16,Southampton,Arsenal,1
2022-04-17,Newcastle Utd,Leicester City,1
2022-04-17,West Ham,Burnley,0
2022-04-19,Liverpool,Manchester Utd,1
2022-04-20,Everton,Leicester City,0
2022-04-20,Chelsea,Arsenal,-1
2022-04-20,Newcastle Utd,Crystal Palace,1
2022-04-20,Manchester City,Brighton,1
2022-04-21,Burnley,Southampton,1
2022-04-23,Arsenal,Manchester Utd,1
2022-04-23,Leicester City,Aston Villa,0
2022-04-23,Manchester City,Watford,1
2022-04-23,Norwich City,Newcastle Utd,-1
2022-04-23,Brentford,Tottenham,0
2022-04-24,Brighton,Southampton,0
2022-04-24,Burnley,Wolves,1
2022-04-24,Chelsea,West Ham,1
2022-04-24,Liverpool,Everton,1
2022-04-25,Crystal Palace,Leeds United,0
2022-04-28,Manchester Utd,Chelsea,0
2022-04-30,Newcastle Utd,Liverpool,-1
2022-04-30,Watford,Burnley,-1
2022-04-30,Wolves,Brighton,-1
2022-04-30,Aston Villa,Norwich City,1
2022-04-30,Southampton,Crystal Palace,-1
2022-04-30,Leeds United,Manchester City,-1
2022-05-01,Tottenham,Leicester City,1
2022-05-01,Everton,Chelsea,1
2022-05-01,West Ham,Arsenal,-1
2022-05-02,Manchester Utd,Brentford,1
2022-05-07,Crystal Palace,Watford,1
2022-05-07,Brentford,Southampton,1
2022-05-07,Chelsea,Wolves,0
2022-05-07,Burnley,Aston Villa,-1
2022-05-07,Brighton,Manchester Utd,1
2022-05-07,Liverpool,Tottenham,0
2022-05-08,Leicester City,Everton,-1
2022-05-08,Norwich City,West Ham,-1
2022-05-08,Arsenal,Leeds United,1
2022-05-08,Manchester City,Newcastle Utd,1
2022-05-10,Aston Villa,Liverpool,-1
2022-05-11,Leeds United,Chelsea,-1
2022-05-11,Leicester City,Norwich City,1
2022-05-11,Watford,Everton,0
2022-05-11,Wolves,Manchester City,-1
2022-05-12,Tottenham,Arsenal,1
2022-05-15,Tottenham,Burnley,1
2022-05-15,Leeds United,Brighton,0
2022-05-15,Watford,Leicester City,-1
2022-05-15,Wolves,Norwich City,0
2022-05-15,Aston Villa,Crystal Palace,0
2022-05-15,West Ham,Manchester City,0
2022-05-15,Everton,Brentford,-1
2022-05-16,Newcastle Utd,Arsenal,1
2022-05-17,Southampton,Liverpool,-1
2022-05-19,Everton,Crystal Palace,1
2022-05-19,Aston Villa,Burnley,0
2022-05-19,Chelsea,Leicester City,0
2022-05-22,Brentford,Leeds United,-1
2022-05-22,Leicester City,Southampton,1
2022-05-22,Crystal Palace,Manchester Utd,1
2022-05-22,Arsenal,Everton,1
2022-05-22,Brighton,West Ham,1
2022-05-22,Norwich City,Tottenham,-1
2022-05-22,Manchester City,Aston Villa,1
2022-05-22,Liverpool,Wolves,1
2022-05-22,Burnley,Newcastle Utd,-1
2022-05-22,Chelsea,Watford,1
2022-08-05,Crystal Palace,Arsenal,-1
2022-08-06,Fulham,Liverpool,0
2022-08-06,Tottenham,Southampton,1
2022-08-06,Newcastle Utd,Nott'ham Forest,1
2022-08-06,Leeds United,Wolves,1
2022-08-06,Bournemouth,Aston Villa,1
2022-08-06,Everton,Chelsea,-1
2022-08-07,Leicester City,Brentford,0
2022-08-07,Manchester Utd,Brighton,-1
2022-08-07,West Ham,Manchester City,-1
2022-08-13,Aston Villa,Everton,1
2022-08-13,Manchester City,Bournemouth,1
2022-08-13,Southampton,Leeds United,0
2022-08-13,Wolves,Fulham,0
2022-08-13,Arsenal,Leicester City,1
2022-08-13,Brighton,Newcastle Utd,0
2022-08-13,Brentford,Manchester Utd,1
2022-08-14,Nott'ham Forest,West Ham,1
2022-08-14,Chelsea,Tottenham,0
2022-08-15,Liverpool,Crystal Palace,0
2022-08-20,Tottenham,Wolves,1
2022-08-20,Leicester City,Southampton,-1
2022-08-20,Everton,Nott'ham Forest,0
2022-08-20,Crystal Palace,Aston Villa,1
2022-08-20,Fulham,Brentford,1
2022-08-20,Bournemouth,Arsenal,-1
2022-08-21,Leeds United,Chelsea,1
2022-08-21,West Ham,Brighton,-1
2022-08-21,Newcastle Utd,Manchester City,0
2022-08-22,Manchester Utd,Liverpool,1
2022-08-27,Southampton,Manchester Utd,-1
2022-08-27,Manchester City,Crystal Palace,1
2022-08-27,Brighton,Leeds United,1
2022-08-27,Chelsea,Leicester City,1
2022-08-27,Brentford,Everton,0
2022-08-27,Liverpool,Bournemouth,1
2022-08-27,Arsenal,Fulham,1
2022-08-28,Wolves,Newcastle Utd,0
2022-08-28,Aston Villa,West Ham,-1
2022-08-28,Nott'ham Forest,Tottenham,-1
2022-08-30,Fulham,Brighton,1
2022-08-30,Crystal Palace,Brentford,0
2022-08-30,Southampton,Chelsea,1
2022-08-30,Leeds United,Everton,0
2022-08-31,Bournemouth,Wolves,0
2022-08-31,Manchester City,Nott'ham Forest,1
2022-08-31,Arsenal,Aston Villa,1
2022-08-31,West Ham,Tottenham,0
2022-08-31,Liverpool,Newcastle Utd,1
2022-09-01,Leicester City,Manchester Utd,-1
2022-09-03,Everton,Liverpool,0
2022-09-03,Nott'ham Forest,Bournemouth,-1
2022-09-03,Wolves,Southampton,1
2022-09-03,Newcastle Utd,Crystal Palace,0
2022-09-03,Brentford,Leeds United,1
2022-09-03,Tottenham,Fulham,1
2022-09-03,Chelsea,West Ham,1
2022-09-03,Aston Villa,Manchester City,0
2022-09-04,Brighton,Leicester City,1
2022-09-04,Manchester Utd,Arsenal,1
2022-09-16,Aston Villa,Southampton,1
2022-09-16,Nott'ham Forest,Fulham,-1
2022-09-17,Wolves,Manchester City,-1
2022-09-17,Newcastle Utd,Bournemouth,0
2022-09-17,Tottenham,Leicester City,1
2022-09-18,Brentford,Arsenal,-1
2022-09-18,Everton,West Ham,1
2022-10-01,Arsenal,Tottenham,1
2022-10-01,Southampton,Everton,-1
2022-10-01,Crystal Palace,Chelsea,-1
2022-10-01,Liverpool,Brighton,0
2022-10-01,Fulham,Newcastle Utd,-1
2022-10-01,Bournemouth,Brentford,0
2022-10-01,West Ham,Wolves,1
2022-10-02,Manchester City,Manchester Utd,1
2022-10-02,Leeds United,Aston Villa,0
2022-10-03,Leicester City,Nott'ham Forest,1
2022-10-08,Bournemouth,Leicester City,1
2022-10-08,Newcastle Utd,Brentford,1
2022-10-08,Manchester City,Southampton,1
2022-10-08,Chelsea,Wolves,1
2022-10-08,Brighton,Tottenham,-1
2022-10-09,West Ham,Fulham,1
2022-10-09,Crystal Palace,Leeds United,1
2022-10-09,Arsenal,Liverpool,1
2022-10-09,Everton,Manchester Utd,-1
2022-10-10,Nott'ham Forest,Aston Villa,0
2022-10-14,Brentford,Brighton,1
2022-10-15,Leicester City,Crystal Palace,0
2022-10-15,Fulham,Bournemouth,0
2022-10-15,Wolves,Nott'ham Forest,1
2022-10-15,Tottenham,Everton,1
2022-10-16,Southampton,West Ham,0
2022-10-16,Aston Villa,Chelsea,-1
2022-10-16,Leeds United,Arsenal,-1
2022-10-16,Manchester Utd,Newcastle Utd,0
2022-10-16,Liverpool,Manchester City,1
2022-10-18,Brighton,Nott'ham Forest,0
2022-10-18,Crystal Palace,Wolves,1
2022-10-19,Bournemouth,Southampton,-1
2022-10-19,Brentford,Chelsea,0
2022-10-19,Liverpool,West Ham,1
2022-10-19,Newcastle Utd,Everton,1
2022-10-19,Manchester Utd,Tottenham,1
2022-10-20,Fulham,Aston Villa,1
2022-10-20,Leicester City,Leeds United,1
2022-10-22,Nott'ham Forest,Liverpool,1
2022-10-22,Everton,Crystal Palace,1
2022-10-22,Manchester City,Brighton,1
2022-10-22,Chelsea,Manchester Utd,0
2022-10-23,Aston Villa,Brentford,1
2022-10-23,Wolves,Leicester City,-1
2022-10-23,Leeds United,Fulham,-1
2022-10-23,Southampton,Arsenal,0
2022-10-23,Tottenham,Newcastle Utd,-1
2022-10-24,West Ham,Bournemouth,1
2022-10-29,Leicester City,Manchester City,-1
2022-10-29,Brentford,Wolves,0
2022-10-29,Crystal Palace,Southampton,1
2022-10-29,Newcastle Utd,Aston Villa,1
2022-10-29,Brighton,Chelsea,1
2022-10-29,Bournemouth,Tottenham,-1
2022-10-29,Fulham,Everton,0
2022-10-29,Liverpool,Leeds United,-1
2022-10-30,Arsenal,Nott'ham Forest,1
2022-10-30,Manchester Utd,West Ham,1
2022-11-05,Nott'ham Forest,Brentford,0
2022-11-05,Leeds United,Bournemouth,1
2022-11-05,Manchester City,Fulham,1
2022-11-05,Wolves,Brighton,-1
2022-11-05,Everton,Leicester City,-1
2022-11-06,Chelsea,Arsenal,-1
2022-11-06,West Ham,Crystal Palace,-1
2022-11-06,Southampton,Newcastle Utd,-1
2022-11-06,Aston Villa,Manchester Utd,1
2022-11-06,Tottenham,Liverpool,-1
2022-11-12,Manchester City,Brentford,-1
2022-11-12,Tottenham,Leeds United,1
2022-11-12,Liverpool,Southampton,1
2022-11-12,Bournemouth,Everton,1
2022-11-12,West Ham,Leicester City,-1
2022-11-12,Nott'ham Forest,Crystal Palace,1
2022-11-12,Newcastle Utd,Chelsea,1
2022-11-12,Wolves,Arsenal,-1
2022-11-13,Brighton,Aston Villa,-1
2022-11-13,Fulham,Manchester Utd,-1
2022-12-26,Brentford,Tottenham,0
2022-12-26,Southampton,Brighton,-1
2022-12-26,Leicester City,Newcastle Utd,-1
2022-12-26,Crystal Palace,Fulham,-1
2022-12-26,Everton,Wolves,-1
2022-12-26,Aston Villa,Liverpool,-1
2022-12-26,Arsenal,West Ham,1
2022-12-27,Chelsea,Bournemouth,1
2022-12-27,Manchester Utd,Nott'ham Forest,1
2022-12-28,Leeds United,Manchester City,-1
2022-12-30,West Ham,Brentford,-1
2022-12-30,Liverpool,Leicester City,1
2022-12-31,Wolves,Manchester Utd,-1
2022-12-31,Newcastle Utd,Leeds United,0
2022-12-31,Fulham,Southampton,1
2022-12-31,Manchester City,Everton,0
2022-12-31,Bournemouth,Crystal Palace,-1
2022-12-31,Brighton,Arsenal,-1
2023-01-01,Tottenham,Aston Villa,-1
2023-01-01,Nott'ham Forest,Chelsea,0
2023-01-02,Brentford,Liverpool,1
2023-01-03,Leicester City,Fulham,-1
2023-01-03,Everton,Brighton,-1
2023-01-03,Arsenal,Newcastle Utd,0
2023-01-03,Manchester Utd,Bournemouth,1
2023-01-04,Southampton,Nott'ham Forest,-1
2023-01-04,Leeds United,West Ham,0
2023-01-04,Aston Villa,Wolves,0
2023-01-04,Crystal Palace,Tottenham,-1
2023-01-05,Chelsea,Manchester City,-1
2023-01-12,Fulham,Chelsea,1
2023-01-13,Aston Villa,Leeds United,1
2023-01-14,Manchester Utd,Manchester City,1
2023-01-14,Everton,Southampton,-1
2023-01-14,Wolves,West Ham,1
2023-01-14,Nott'ham Forest,Leicester City,1
2023-01-14,Brighton,Liverpool,1
2023-01-14,Brentford,Bournemouth,1
2023-01-15,Chelsea,Crystal Palace,1
2023-01-15,Newcastle Utd,Fulham,1
2023-01-15,Tottenham,Arsenal,-1
2023-01-18,Crystal Palace,Manchester Utd,0
2023-01-19,Manchester City,Tottenham,1
2023-01-21,Liverpool,Chelsea,0
2023-01-21,Bournemouth,Nott'ham Forest,0
2023-01-21,Southampton,Aston Villa,-1
2023-01-21,Leicester City,Brighton,0
2023-01-21,West Ham,Everton,1
2023-01-21,Crystal Palace,Newcastle Utd,0
2023-01-22,Manchester City,Wolves,1
2023-01-22,Leeds United,Brentford,0
2023-01-22,Arsenal,Manchester Utd,1
2023-01-23,Fulham,Tottenham,-1
2023-02-03,Chelsea,Fulham,0
2023-02-04,Everton,Arsenal,1
2023-02-04,Aston Villa,Leicester City,-1
2023-02-04,Wolves,Liverpool,1
2023-02-04,Manchester Utd,Crystal Palace,1
2023-02-04,Brighton,Bournemouth,1
2023-02-04,Brentford,Southampton,1
2023-02-04,Newcastle Utd,West Ham,0
2023-02-05,Nott'ham Forest,Leeds United,1
2023-02-05,Tottenham,Manchester City,1
2023-02-08,Manchester Utd,Leeds United,0
2023-02-11,West Ham,Chelsea,0
2023-02-11,Leicester City,Tottenham,1
2023-02-11,Crystal Palace,Brighton,0
2023-02-11,Arsenal,Brentford,0
2023-02-11,Southampton,Wolves,-1
2023-02-11,Fulham,Nott'ham Forest,1
2023-02-11,Bournemouth,Newcastle Utd,0
2023-02-12,Leeds United,Manchester Utd,-1
2023-02-12,Manchester City,Aston Villa,1
2023-02-13,Liverpool,Everton,1
2023-02-15,Arsenal,Manchester City,-1
2023-02-18,Aston Villa,Arsenal,-1
2023-02-18,Brighton,Fulham,-1
2023-02-18,Nott'ham Forest,Manchester City,0
2023-02-18,Chelsea,Southampton,-1
2023-02-18,Everton,Leeds United,1
2023-02-18,Wolves,Bournemouth,-1
2023-02-18,Brentford,Crystal Palace,0
2023-02-18,Newcastle Utd,Liverpool,-1
2023-02-19,Manchester Utd,Leicester City,1
2023-02-19,Tottenham,West Ham,1
2023-02-24,Fulham,Wolves,0
2023-02-25,Leicester City,Arsenal,-1
2023-02-25,Everton,Aston Villa,-1
2023-02-25,West Ham,Nott'ham Forest,1
2023-02-25,Leeds United,Southampton,1
2023-02-25,Bournemouth,Manchester City,-1
2023-02-25,Crystal Palace,Liverpool,0
2023-02-26,Tottenham,Chelsea,1
2023-03-01,Arsenal,Everton,1
2023-03-01,Liverpool,Wolves,1
2023-03-04,Manchester City,Newcastle Utd,1
2023-03-04,Arsenal,Bournemouth,1
2023-03-04,Aston Villa,Crystal Palace,1
2023-03-04,Chelsea,Leeds United,1
2023-03-04,Brighton,West Ham,1
2023-03-04,Wolves,Tottenham,1
2023-03-04,Southampton,Leicester City,1
2023-03-05,Nott'ham Forest,Everton,0
2023-03-05,Liverpool,Manchester Utd,1
2023-03-06,Brentford,Fulham,1
2023-03-11,Bournemouth,Liverpool,1
2023-03-11,Leeds United,Brighton,0
2023-03-11,Everton,Brentford,1
2023-03-11,Leicester City,Chelsea,-1
2023-03-11,Tottenham,Nott'ham Forest,1
2023-03-11,Crystal Palace,Manchester City,-1
2023-03-12,Manchester Utd,Southampton,0
2023-03-12,Fulham,Arsenal,-1
2023-03-12,West Ham,Aston Villa,0
2023-03-12,Newcastle Utd,Wolves,1
2023-03-15,Southampton,Brentford,-1
2023-03-15,Brighton,Crystal Palace,1
2023-03-17,Nott'ham Forest,Newcastle Utd,-1
2023-03-18,Wolves,Leeds United,-1
2023-03-18,Brentford,Leicester City,0
2023-03-18,Aston Villa,Bournemouth,1
2023-03-18,Southampton,Tottenham,0
2023-03-18,Chelsea,Everton,0
2023-03-19,Arsenal,Crystal Palace,1
2023-04-01,Manchester City,Liverpool,1
2023-04-01,Arsenal,Leeds United,1
2023-04-01,Nott'ham Forest,Wolves,0
2023-04-01,Brighton,Brentford,0
2023-04-01,Crystal Palace,Leicester City,1
2023-04-01,Bournemouth,Fulham,1
2023-04-01,Chelsea,Aston Villa,-1
2023-04-02,West Ham,Southampton,1
2023-04-02,Newcastle Utd,Manchester Utd,1
2023-04-03,Everton,Tottenham,0
2023-04-04,Leeds United,Nott'ham Forest,1
2023-04-04,Bournemouth,Brighton,-1
2023-04-04,Leicester City,Aston Villa,-1
2023-04-04,Chelsea,Liverpool,0
2023-04-05,West Ham,Newcastle Utd,-1
2023-04-05,Manchester Utd,Brentford,1
2023-04-08,Manchester Utd,Everton,1
2023-04-08,Fulham,West Ham,-1
2023-04-08,Aston Villa,Nott'ham Forest,1
2023-04-08,Leicester City,Bournemouth,-1
2023-04-08,Brentford,Newcastle Utd,-1
2023-04-08,Wolves,Chelsea,1
2023-04-08,Tottenham,Brighton,1
2023-04-08,Southampton,Manchester City,-1
2023-04-09,Leeds United,Crystal Palace,-1
2023-04-09,Liverpool,Arsenal,0
2023-04-15,Aston Villa,Newcastle Utd,1
2023-04-15,Chelsea,Brighton,-1
2023-04-15,Southampton,Crystal Palace,-1
2023-04-15,Wolves,Brentford,1
2023-04-15,Tottenham,Bournemouth,-1
2023-04-15,Everton,Fulham,-1
2023-04-15,Manchester City,Leicester City,1
2023-04-16,West Ham,Arsenal,0
2023-04-16,Nott'ham Forest,Manchester Utd,-1
2023-04-17,Leeds United,Liverpool,-1
2023-04-21,Arsenal,Southampton,0
2023-04-22,Fulham,Leeds United,1
2023-04-22,Crystal Palace,Everton,0
2023-04-22,Brentford,Aston Villa,0
2023-04-22,Liverpool,Nott'ham Forest,1
2023-04-22,Leicester City,Wolves,1
2023-04-23,Bournemouth,West Ham,-1
2023-04-23,Newcastle Utd,Tottenham,1
2023-04-25,Wolves,Crystal Palace,1
2023-04-25,Aston Villa,Fulham,1
2023-04-25,Leeds United,Leicester City,0
2023-04-26,Nott'ham Forest,Brighton,1
2023-04-26,Chelsea,Brentford,-1
2023-04-26,West Ham,Liverpool,-1
2023-04-26,Manchester City,Arsenal,1
2023-04-27,Everton,Newcastle Utd,-1
2023-04-27,Southampton,Bournemouth,-1
2023-04-27,Tottenham,Manchester Utd,0
2023-04-29,Crystal Palace,West Ham,1
2023-04-29,Brighton,Wolves,1
2023-04-29,Brentford,Nott'ham Forest,1
2023-04-30,Manchester Utd,Aston Villa,1
2023-04-30,Bournemouth,Leeds United,1
2023-04-30,Newcastle Utd,Southampton,1
2023-04-30,Fulham,Manchester City,-1
2023-04-30,Liverpool,Tottenham,1
2023-05-01,Leicester City,Everton,0
2023-05-02,Arsenal,Chelsea,1
2023-05-03,Liverpool,Fulham,1
2023-05-03,Manchester City,West Ham,1
2023-05-04,Brighton,Manchester Utd,1
2023-05-06,Tottenham,Crystal Palace,1
2023-05-06,Wolves,Aston Villa,1
2023-05-06,Bournemouth,Chelsea,-1
2023-05-06,Manchester City,Leeds United,1
2023-05-06,Liverpool,Brentford,1
2023-05-07,Newcastle Utd,Arsenal,-1
2023-05-07,West Ham,Manchester Utd,1
2023-05-08,Fulham,Leicester City,1
2023-05-08,Brighton,Everton,-1
2023-05-08,Nott'ham Forest,Southampton,1
2023-05-13,Leeds United,Newcastle Utd,0
2023-05-13,Aston Villa,Tottenham,1
2023-05-13,Chelsea,Nott'ham Forest,0
2023-05-13,Crystal Palace,Bournemouth,1
2023-05-13,Southampton,Fulham,-1
2023-05-13,Manchester Utd,Wolves,1
2023-05-14,Everton,Manchester City,-1
2023-05-14,Brentford,West Ham,1
2023-05-14,Arsenal,Brighton,-1
2023-05-15,Leicester City,Liverpool,-1
2023-05-18,Newcastle Utd,Brighton,1
2023-05-20,Tottenham,Brentford,-1
2023-05-20,Liverpool,Aston Villa,0
2023-05-20,Fulham,Crystal Palace,0
2023-05-20,Bournemouth,Manchester Utd,-1
2023-05-20,Wolves,Everton,0
2023-05-20,Nott'ham Forest,Arsenal,1
2023-05-21,West Ham,Leeds United,1
2023-05-21,Brighton,Southampton,1
2023-05-21,Manchester City,Chelsea,1
2023-05-22,Newcastle Utd,Leicester City,0
2023-05-24,Brighton,Manchester City,0
2023-05-25,Manchester Utd,Chelsea,1
2023-05-28,Crystal Palace,Nott'ham Forest,0
2023-05-28,Chelsea,Newcastle Utd,0
2023-05-28,Manchester Utd,Fulham,1
2023-05-28,Arsenal,Wolves,1
2023-05-28,Southampton,Liverpool,0
2023-05-28,Everton,Bournemouth,1
2023-05-28,Leicester City,West Ham,1
2023-05-28,Aston Villa,Brighton,1
2023-05-28,Leeds United,Tottenham,-1
2023-05-28,Brentford,Manchester City,1
2023-08-11,Burnley,Manchester City,-1
2023-08-12,Arsenal,Nott'ham Forest,1
2023-08-12,Everton,Fulham,-1
2023-08-12,Sheffield Utd,Crystal Palace,-1
2023-08-12,Brighton,Luton Town,1
2023-08-12,Bournemouth,West Ham,0
2023-08-12,Newcastle Utd,Aston Villa,1
2023-08-13,Brentford,Tottenham,0
2023-08-13,Chelsea,Liverpool,0
2023-08-14,Manchester Utd,Wolves,1
2023-08-18,Nott'ham Forest,Sheffield Utd,1
2023-08-19,Fulham,Brentford,-1
2023-08-19,Liverpool,Bournemouth,1
2023-08-19,Wolves,Brighton,-1
2023-08-19,Tottenham,Manchester Utd,1
2023-08-19,Manchester City,Newcastle Utd,1
2023-08-20,Aston Villa,Everton,1
2023-08-20,West Ham,Chelsea,1
2023-08-21,Crystal Palace,Arsenal,-1
2023-08-25,Chelsea,Luton Town,1
2023-08-26,Bournemouth,Tottenham,-1
2023-08-26,Everton,Wolves,-1
2023-08-26,Brentford,Crystal Palace,0
2023-08-26,Manchester Utd,Nott'ham Forest,1
2023-08-26,Arsenal,Fulham,0
2023-08-26,Brighton,West Ham,-1
2023-08-27,Sheffield Utd,Manchester City,-1
2023-08-27,Burnley,Aston Villa,-1
2023-08-27,Newcastle Utd,Liverpool,-1
2023-09-01,Luton Town,West Ham,-1
2023-09-02,Sheffield Utd,Everton,0
2023-09-02,Chelsea,Nott'ham Forest,-1
2023-09-02,Manchester City,Fulham,1
2023-09-02,Brentford,Bournemouth,0
2023-09-02,Burnley,Tottenham,-1
2023-09-02,Brighton,Newcastle Utd,1
2023-09-03,Liverpool,Aston Villa,1
2023-09-03,Crystal Palace,Wolves,1
2023-09-03,Arsenal,Manchester Utd,1
2023-09-16,Wolves,Liverpool,-1
2023-09-16,Fulham,Luton Town,1
2023-09-16,West Ham,Manchester City,-1
2023-09-16,Aston Villa,Crystal Palace,1
2023-09-16,Manchester Utd,Brighton,-1
2023-09-16,Tottenham,Sheffield Utd,1
2023-09-16,Newcastle Utd,Brentford,1
2023-09-17,Bournemouth,Chelsea,0
2023-09-17,Everton,Arsenal,-1
2023-09-18,Nott'ham Forest,Burnley,0
2023-09-23,Manchester City,Nott'ham Forest,1
2023-09-23,Luton Town,Wolves,0
2023-09-23,Crystal Palace,Fulham,0
2023-09-23,Brentford,Everton,-1
2023-09-23,Burnley,Manchester Utd,-1
2023-09-24,Arsenal,Tottenham,0
2023-09-24,Brighton,Bournemouth,1
2023-09-24,Chelsea,Aston Villa,-1
2023-09-24,Liverpool,West Ham,1
2023-09-24,Sheffield Utd,Newcastle Utd,-1
2023-09-30,Aston Villa,Brighton,1
2023-09-30,Wolves,Manchester City,1
2023-09-30,Bournemouth,Arsenal,-1
2023-09-30,Everton,Luton Town,-1
2023-09-30,Newcastle Utd,Burnley,1
2023-09-30,West Ham,Sheffield Utd,1
2023-09-30,Manchester Utd,Crystal Palace,-1
2023-09-30,Tottenham,Liverpool,1
2023-10-01,Nott'ham Forest,Brentford,0
2023-10-02,Fulham,Chelsea,-1
2023-10-03,Luton Town,Burnley,-1
2023-10-07,Luton Town,Tottenham,-1
2023-10-07,Everton,Bournemouth,1
2023-10-07,Manchester Utd,Brentford,1
2023-10-07,Burnley,Chelsea,-1
2023-10-07,Fulham,Sheffield Utd,1
2023-10-07,Crystal Palace,Nott'ham Forest,0
2023-10-08,West Ham,Newcastle Utd,0
2023-10-08,Wolves,Aston Villa,0
2023-10-08,Brighton,Liverpool,0
2023-10-08,Arsenal,Manchester City,1
2023-10-21,Liverpool,Everton,1
2023-10-21,Bournemouth,Wolves,-1
2023-10-21,Newcastle Utd,Crystal Palace,1
2023-10-21,Brentford,Burnley,1
2023-10-21,Manchester City,Brighton,1
2023-10-21,Nott'ham Forest,Luton Town,0
2023-10-21,Chelsea,Arsenal,0
2023-10-21,Sheffield Utd,Manchester Utd,-1
2023-10-22,Aston Villa,West Ham,1
2023-10-23,Tottenham,Fulham,1
2023-10-27,Crystal Palace,Tottenham,-1
2023-10-28,Chelsea,Brentford,-1
2023-10-28,Bournemouth,Burnley,1
2023-10-28,Arsenal,Sheffield Utd,1
2023-10-28,Wolves,Newcastle Utd,0
2023-10-29,West Ham,Everton,-1
2023-10-29,Liverpool,Nott'ham Forest,1
2023-10-29,Brighton,Fulham,0
2023-10-29,Aston Villa,Luton Town,1
2023-10-29,Manchester Utd,Manchester City,-1
2023-11-04,Fulham,Manchester Utd,-1
2023-11-04,Brentford,West Ham,1
2023-11-04,Everton,Brighton,0
2023-11-04,Burnley,Crystal Palace,-1
2023-11-04,Manchester City,Bournemouth,1
2023-11-04,Sheffield Utd,Wolves,1
2023-11-04,Newcastle Utd,Arsenal,1
2023-11-05,Nott'ham Forest,Aston Villa,1
2023-11-05,Luton Town,Liverpool,0
2023-11-06,Tottenham,Chelsea,-1
2023-11-11,Wolves,Tottenham,1
2023-11-11,Arsenal,Burnley,1
2023-11-11,Manchester Utd,Luton Town,1
2023-11-11,Crystal Palace,Everton,-1
2023-11-11,Bournemouth,Newcastle Utd,1
2023-11-12,West Ham,Nott'ham Forest,1
2023-11-12,Liverpool,Brentford,1
2023-11-12,Aston Villa,Fulham,1
2023-11-12,Brighton,Sheffield Utd,0
2023-11-12,Chelsea,Manchester City,0
2023-11-25,Manchester City,Liverpool,0
2023-11-25,Burnley,West Ham,-1
2023-11-25,Nott'ham Forest,Brighton,-1
2023-11-25,Sheffield Utd,Bournemouth,-1
2023-11-25,Newcastle Utd,Chelsea,1
2023-11-25,Luton Town,Crystal Palace,1
2023-11-25,Brentford,Arsenal,-1
2023-11-26,Tottenham,Aston Villa,-1
2023-11-26,Everton,Manchester Utd,-1
2023-11-27,Fulham,Wolves,1
2023-12-02,Brentford,Luton Town,1
2023-12-02,Arsenal,Wolves,1
2023-12-02,Burnley,Sheffield Utd,1
2023-12-02,Nott'ham Forest,Everton,-1
2023-12-02,Newcastle Utd,Manchester Utd,1
2023-12-03,Bournemouth,Aston Villa,0
2023-12-03,Liverpool,Fulham,1
2023-12-03,Chelsea,Brighton,1
2023-12-03,West Ham,Crystal Palace,0
2023-12-03,Manchester City,Tottenham,0
2023-12-05,Wolves,Burnley,1
2023-12-05,Luton Town,Arsenal,-1
2023-12-06,Sheffield Utd,Liverpool,-1
2023-12-06,Crystal Palace,Bournemouth,-1
2023-12-06,Brighton,Brentford,1
2023-12-06,Fulham,Nott'ham Forest,1
2023-12-06,Aston Villa,Manchester City,1
2023-12-06,Manchester Utd,Chelsea,1
2023-12-07,Everton,Newcastle Utd,1
2023-12-07,Tottenham,West Ham,-1
2023-12-09,Crystal Palace,Liverpool,-1
2023-12-09,Manchester Utd,Bournemouth,-1
2023-12-09,Wolves,Nott'ham Forest,0
2023-12-09,Brighton,Burnley,0
2023-12-09,Sheffield Utd,Brentford,1
2023-12-09,Aston Villa,Arsenal,1
2023-12-10,Everton,Chelsea,1
2023-12-10,Fulham,West Ham,1
2023-12-10,Luton Town,Manchester City,-1
2023-12-10,Tottenham,Newcastle Utd,1
2023-12-15,Nott'ham Forest,Tottenham,-1
2023-12-16,Manchester City,Crystal Palace,0
2023-12-16,Chelsea,Sheffield Utd,1
2023-12-16,Newcastle Utd,Fulham,1
2023-12-16,Burnley,Everton,-1
2023-12-17,Brentford,Aston Villa,-1
2023-12-17,West Ham,Wolves,1
2023-12-17,Arsenal,Brighton,1
2023-12-17,Liverpool,Manchester Utd,0
2023-12-21,Crystal Palace,Brighton,0
2023-12-22,Aston Villa,Sheffield Utd,0
2023-12-23,West Ham,Manchester Utd,1
2023-12-23,Luton Town,Newcastle Utd,1
2023-12-23,Fulham,Burnley,-1
2023-12-23,Tottenham,Everton,1
2023-12-23,Nott'ham Forest,Bournemouth,-1
2023-12-23,Liverpool,Arsenal,0
2023-12-24,Wolves,Chelsea,1
2023-12-26,Newcastle Utd,Nott'ham Forest,-1
2023-12-26,Bournemouth,Fulham,1
2023-12-26,Sheffield Utd,Luton Town,-1
2023-12-26,Burnley,Liverpool,-1
2023-12-26,Manchester Utd,Aston Villa,1
2023-12-27,Chelsea,Crystal Palace,1
2023-12-27,Brentford,Wolves,-1
2023-12-27,Everton,Manchester City,-1
2023-12-28,Brighton,Tottenham,1
2023-12-28,Arsenal,West Ham,-1
2023-12-30,Luton Town,Chelsea,-1
2023-12-30,Aston Villa,Burnley,1
2023-12-30,Wolves,Everton,1
2023-12-30,Manchester City,Sheffield Utd,1
2023-12-30,Crystal Palace,Brentford,1
2023-12-30,Nott'ham Forest,Manchester Utd,1
2023-12-31,Tottenham,Bournemouth,1
2023-12-31,Fulham,Arsenal,1
2024-01-01,Liverpool,Newcastle Utd,1
2024-01-02,West Ham,Brighton,0
2024-01-12,Burnley,Luton Town,0
2024-01-13,Chelsea,Fulham,1
2024-01-13,Newcastle Utd,Manchester City,-1
2024-01-14,Everton,Aston Villa,0
2024-01-14,Manchester Utd,Tottenham,0
2024-01-20,Arsenal,Crystal Palace,1
2024-01-20,Brentford,Nott'ham Forest,1
2024-01-21,Sheffield Utd,West Ham,0
2024-01-21,Bournemouth,Liverpool,-1
2024-01-22,Brighton,Wolves,0
2024-01-30,Nott'ham Forest,Arsenal,-1
2024-01-30,Fulham,Everton,0
2024-01-30,Luton Town,Brighton,1
2024-01-30,Crystal Palace,Sheffield Utd,1
2024-01-30,Aston Villa,Newcastle Utd,-1
2024-01-31,Tottenham,Brentford,1
2024-01-31,Manchester City,Burnley,1
2024-01-31,Liverpool,Chelsea,1
2024-02-01,West Ham,Bournemouth,0
2024-02-01,Wolves,Manchester Utd,-1
2024-02-03,Everton,Tottenham,0
2024-02-03,Newcastle Utd,Luton Town,0
2024-02-03,Brighton,Crystal Palace,1
2024-02-03,Burnley,Fulham,0
2024-02-03,Sheffield Utd,Aston Villa,-1
2024-02-04,Bournemouth,Nott'ham Forest,0
2024-02-04,Manchester Utd,West Ham,1
2024-02-04,Chelsea,Wolves,-1
2024-02-04,Arsenal,Liverpool,1
2024-02-05,Brentford,Manchester City,-1
2024-02-10,Manchester City,Everton,1
2024-02-10,Luton Town,Sheffield Utd,-1
2024-02-10,Liverpool,Burnley,1
2024-02-10,Wolves,Brentford,-1
2024-02-10,Fulham,Bournemouth,1
2024-02-10,Tottenham,Brighton,1
2024-02-10,Nott'ham Forest,Newcastle Utd,-1
2024-02-11,West Ham,Arsenal,-1
2024-02-11,Aston Villa,Manchester Utd,-1
2024-02-12,Crystal Palace,Chelsea,-1
2024-02-17,Brentford,Liverpool,-1
2024-02-17,Newcastle Utd,Bournemouth,0
2024-02-17,Tottenham,Wolves,-1
2024-02-17,Burnley,Arsenal,-1
2024-02-17,Fulham,Aston Villa,-1
2024-02-17,Nott'ham Forest,West Ham,1
2024-02-17,Manchester City,Chelsea,0
2024-02-18,Sheffield Utd,Brighton,-1
2024-02-18,Luton Town,Manchester Utd,-1
2024-02-19,Everton,Crystal Palace,0
2024-02-20,Manchester City,Brentford,1
2024-02-21,Liverpool,Luton Town,1
2024-02-24,Manchester Utd,Fulham,-1
2024-02-24,Crystal Palace,Burnley,1
2024-02-24,Brighton,Everton,0
2024-02-24,Aston Villa,Nott'ham Forest,1
2024-02-24,Bournemouth,Manchester City,-1
2024-02-24,Arsenal,Newcastle Utd,1
2024-02-25,Wolves,Sheffield Utd,1
2024-02-26,West Ham,Brentford,1
2024-03-02,Fulham,Brighton,1
2024-03-02,Tottenham,Crystal Palace,1
2024-03-02,Brentford,Chelsea,0
2024-03-02,Newcastle Utd,Wolves,1
2024-03-02,Nott'ham Forest,Liverpool,-1
2024-03-02,Everton,West Ham,-1
2024-03-02,Luton Town,Aston Villa,-1
2024-03-03,Burnley,Bournemouth,-1
2024-03-03,Manchester City,Manchester Utd,1
2024-03-04,Sheffield Utd,Arsenal,-1
2024-03-09,Manchester Utd,Everton,1
2024-03-09,Bournemouth,Sheffield Utd,0
2024-03-09,Wolves,Fulham,1
2024-03-09,Crystal Palace,Luton Town,0
2024-03-09,Arsenal,Brentford,1
2024-03-10,Aston Villa,Tottenham,-1
2024-03-10,West Ham,Burnley,0
2024-03-10,Brighton,Nott'ham Forest,1
2024-03-10,Liverpool,Manchester City,0
2024-03-11,Chelsea,Newcastle Utd,1
2024-03-13,Bournemouth,Luton Town,1
2024-03-16,Luton Town,Nott'ham Forest,0
2024-03-16,Burnley,Brentford,1
2024-03-16,Fulham,Tottenham,1
2024-03-17,West Ham,Aston Villa,0
2024-03-30,Newcastle Utd,West Ham,1
2024-03-30,Bournemouth,Everton,1
2024-03-30,Tottenham,Luton Town,1
2024-03-30,Nott'ham Forest,Crystal Palace,0
2024-03-30,Sheffield Utd,Fulham,0
2024-03-30,Chelsea,Burnley,0
2024-03-30,Aston Villa,Wolves,1
2024-03-30,Brentford,Manchester Utd,0
2024-03-31,Liverpool,Brighton,1
2024-03-31,Manchester City,Arsenal,0
2024-04-02,Newcastle Utd,Everton,0
2024-04-02,Nott'ham Forest,Fulham,1
2024-04-02,Bournemouth,Crystal Palace,1
2024-04-02,Burnley,Wolves,0
2024-04-02,West Ham,Tottenham,0
2024-04-03,Arsenal,Luton Town,1
2024-04-03,Brentford,Brighton,0
2024-04-03,Manchester City,Aston Villa,1
2024-04-04,Liverpool,Sheffield Utd,1
2024-04-04,Chelsea,Manchester Utd,1
2024-04-06,Crystal Palace,Manchester City,-1
2024-04-06,Luton Town,Bournemouth,1
2024-04-06,Wolves,West Ham,-1
2024-04-06,Fulham,Newcastle Utd,-1
2024-04-06,Everton,Burnley,1
2024-04-06,Aston Villa,Brentford,0
2024-04-06,Brighton,Arsenal,-1
2024-04-07,Manchester Utd,Liverpool,0
2024-04-07,Sheffield Utd,Chelsea,0
2024-04-07,Tottenham,Nott'ham Forest,1
2024-04-13,Newcastle Utd,Tottenham,1
2024-04-13,Manchester City,Luton Town,1
2024-04-13,Nott'ham Forest,Wolves,0
2024-04-13,Brentford,Sheffield Utd,1
2024-04-13,Burnley,Brighton,0
2024-04-13,Bournemouth,Manchester Utd,0
2024-04-14,Liverpool,Crystal Palace,-1
2024-04-14,West Ham,Fulham,-1
2024-04-14,Arsenal,Aston Villa,-1
2024-04-15,Chelsea,Everton,1
2024-04-20,Luton Town,Brentford,-1
2024-04-20,Sheffield Utd,Burnley,-1
2024-04-20,Wolves,Arsenal,-1
2024-04-21,Everton,Nott'ham Forest,1
2024-04-21,Aston Villa,Bournemouth,1
2024-04-21,Crystal Palace,West Ham,1
2024-04-21,Fulham,Liverpool,-1
2024-04-23,Arsenal,Chelsea,1
2024-04-24,Wolves,Bournemouth,-1
2024-04-24,Manchester Utd,Sheffield Utd,1
2024-04-24,Everton,Liverpool,1
2024-04-24,Crystal Palace,Newcastle Utd,1
2024-04-25,Brighton,Manchester City,-1
2024-04-27,West Ham,Liverpool,0
2024-04-27,Wolves,Luton Town,1
2024-04-27,Fulham,Crystal Palace,0
2024-04-27,Manchester Utd,Burnley,0
2024-04-27,Newcastle Utd,Sheffield Utd,1
2024-04-27,Everton,Brentford,1
2024-04-27,Aston Villa,Chelsea,0
2024-04-28,Tottenham,Arsenal,-1
2024-04-28,Bournemouth,Brighton,1
2024-04-28,Nott'ham Forest,Manchester City,-1
2024-05-02,Chelsea,Tottenham,1
2024-05-03,Luton Town,Everton,0
2024-05-04,Arsenal,Bournemouth,1
2024-05-04,Burnley,Newcastle Utd,-1
2024-05-04,Sheffield Utd,Nott'ham Forest,-1
2024-05-04,Brentford,Fulham,0
2024-05-04,Manchester City,Wolves,1
2024-05-05,Brighton,Aston Villa,1
2024-05-05,Chelsea,West Ham,1
2024-05-05,Liverpool,Tottenham,1
2024-05-06,Crystal Palace,Manchester Utd,1
2024-05-11,Fulham,Manchester City,-1
2024-05-11,Wolves,Crystal Palace,-1
2024-05-11,West Ham,Luton Town,1
2024-05-11,Tottenham,Burnley,1
2024-05-11,Everton,Sheffield Utd,1
2024-05-11,Newcastle Utd,Brighton,0
2024-05-11,Bournemouth,Brentford,-1
2024-05-11,Nott'ham Forest,Chelsea,-1
2024-05-12,Manchester Utd,Arsenal,-1
2024-05-13,Aston Villa,Liverpool,0
2024-05-14,Tottenham,Manchester City,-1
2024-05-15,Brighton,Chelsea,-1
2024-05-15,Manchester Utd,Newcastle Utd,1
2024-05-19,Luton Town,Fulham,-1
2024-05-19,Sheffield Utd,Tottenham,-1
2024-05-19,Manchester City,West Ham,1
2024-05-19,Arsenal,Everton,1
2024-05-19,Brighton,Manchester Utd,-1
2024-05-19,Brentford,Newcastle Utd,-1
2024-05-19,Chelsea,Bournemouth,1
2024-05-19,Crystal Palace,Aston Villa,1
2024-05-19,Liverpool,Wolves,1
2024-05-19,Burnley,Nott'ham Forest,-1
2024-08-16,Manchester Utd,Fulham,1
2024-08-17,Ipswich Town,Liverpool,-1
2024-08-17,Newcastle Utd,Southampton,1
2024-08-17,Nott'ham Forest,Bournemouth,0
2024-08-17,Everton,Brighton,-1
2024-08-17,Arsenal,Wolves,1
2024-08-17,West Ham,Aston Villa,-1
2024-08-18,Brentford,Crystal Palace,1
2024-08-18,Chelsea,Manchester City,-1
2024-08-19,Leicester City,Tottenham,0
2024-08-24,Brighton,Manchester Utd,1
2024-08-24,Tottenham,Everton,1
2024-08-24,Fulham,Leicester City,1
2024-08-24,Crystal Palace,West Ham,-1
2024-08-24,Manchester City,Ipswich Town,1
2024-08-24,Southampton,Nott'ham Forest,-1
2024-08-24,Aston Villa,Arsenal,-1
2024-08-25,Bournemouth,Newcastle Utd,0
2024-08-25,Wolves,Chelsea,-1
2024-08-25,Liverpool,Brentford,1
2024-08-31,Arsenal,Brighton,0
2024-08-31,Everton,Bournemouth,-1
2024-08-31,Leicester City,Aston Villa,-1
2024-08-31,Nott'ham Forest,Wolves,0
2024-08-31,Ipswich Town,Fulham,0
2024-08-31,Brentford,Southampton,1
2024-08-31,West Ham,Manchester City,-1
2024-09-01,Newcastle Utd,Tottenham,1
2024-09-01,Chelsea,Crystal Palace,0
2024-09-01,Manchester Utd,Liverpool,-1
2024-09-14,Southampton,Manchester Utd,-1
2024-09-14,Brighton,Ipswich Town,0
2024-09-14,Crystal Palace,Leicester City,0
2024-09-14,Manchester City,Brentford,1
2024-09-14,Liverpool,Nott'ham Forest,-1
2024-09-14,Fulham,West Ham,0
2024-09-14,Aston Villa,Everton,1
2024-09-14,Bournemouth,Chelsea,-1
2024-09-15,Tottenham,Arsenal,-1
2024-09-15,Wolves,Newcastle Utd,-1
2024-09-21,West Ham,Chelsea,-1
2024-09-21,Liverpool,Bournemouth,1
2024-09-21,Leicester City,Everton,0
2024-09-21,Southampton,Ipswich Town,0
2024-09-21,Tottenham,Brentford,1
2024-09-21,Fulham,Newcastle Utd,1
2024-09-21,Aston Villa,Wolves,1
2024-09-21,Crystal Palace,Manchester Utd,0
2024-09-22,Brighton,Nott'ham Forest,0
2024-09-22,Manchester City,Arsenal,0
2024-09-28,Newcastle Utd,Manchester City,0
2024-09-28,Chelsea,Brighton,1
2024-09-28,Arsenal,Leicester City,1
2024-09-28,Brentford,West Ham,0
2024-09-28,Everton,Crystal Palace,1
2024-09-28,Nott'ham Forest,Fulham,-1
2024-09-28,Wolves,Liverpool,-1
2024-09-29,Ipswich Town,Aston Villa,0
2024-09-29,Manchester Utd,Tottenham,-1
2024-09-30,Bournemouth,Southampton,1
2024-10-05,Crystal Palace,Liverpool,-1
2024-10-05,Manchester City,Fulham,1
2024-10-05,Brentford,Wolves,1
2024-10-05,West Ham,Ipswich Town,1
2024-10-05,Arsenal,Southampton,1
2024-10-05,Leicester City,Bournemouth,1
2024-10-05,Everton,Newcastle Utd,0
2024-10-06,Aston Villa,Manchester Utd,0
2024-10-06,Chelsea,Nott'ham Forest,0
2024-10-06,Brighton,Tottenham,1
2024-10-19,Tottenham,West Ham,1
2024-10-19,Southampton,Leicester City,-1
2024-10-19,Ipswich Town,Everton,-1
2024-10-19,Newcastle Utd,Brighton,-1
2024-10-19,Fulham,Aston Villa,-1
2024-10-19,Manchester Utd,Brentford,1
2024-10-19,Bournemouth,Arsenal,1
2024-10-20,Wolves,Manchester City,-1
2024-10-20,Liverpool,Chelsea,1
2024-10-21,Nott'ham Forest,Crystal Palace,1
2024-10-25,Leicester City,Nott'ham Forest,-1
2024-10-26,Brentford,Ipswich Town,1
2024-10-26,Brighton,Wolves,0
2024-10-26,Manchester City,Southampton,1
2024-10-26,Aston Villa,Bournemouth,0
2024-10-26,Everton,Fulham,0
2024-10-27,Chelsea,Newcastle Utd,1
2024-10-27,West Ham,Manchester Utd,1
2024-10-27,Crystal Palace,Tottenham,1
2024-10-27,Arsenal,Liverpool,0
2024-11-02,Newcastle Utd,Arsenal,1
2024-11-02,Southampton,Everton,1
2024-11-02,Liverpool,Brighton,1
2024-11-02,Nott'ham Forest,West Ham,1
2024-11-02,Ipswich Town,Leicester City,0
2024-11-02,Bournemouth,Manchester City,1
2024-11-02,Wolves,Crystal Palace,0
2024-11-03,Tottenham,Aston Villa,1
2024-11-03,Manchester Utd,Chelsea,0
2024-11-04,Fulham,Brentford,1
2024-11-09,Brentford,Bournemouth,1
2024-11-09,West Ham,Everton,0
2024-11-09,Crystal Palace,Fulham,-1
2024-11-09,Wolves,Southampton,1
2024-11-09,Brighton,Manchester City,1
2024-11-09,Liverpool,Aston Villa,1
2024-11-10,Manchester Utd,Leicester City,1
2024-11-10,Nott'ham Forest,Newcastle Utd,-1
2024-11-10,Tottenham,Ipswich Town,-1
2024-11-10,Chelsea,Arsenal,0
2024-11-23,Leicester City,Chelsea,-1
2024-11-23,Arsenal,Nott'ham Forest,1
2024-11-23,Bournemouth,Brighton,-1
2024-11-23,Aston Villa,Crystal Palace,0
2024-11-23,Everton,Brentford,0
2024-11-23,Fulham,Wolves,-1
2024-11-23,Manchester City,Tottenham,-1
2024-11-24,Southampton,Liverpool,-1
2024-11-24,Ipswich Town,Manchester Utd,0
2024-11-25,Newcastle Utd,West Ham,-1
2024-11-29,Brighton,Southampton,0
2024-11-30,Crystal Palace,Newcastle Utd,0
2024-11-30,Wolves,Bournemouth,-1
2024-11-30,Nott'ham Forest,Ipswich Town,1
2024-11-30,Brentford,Leicester City,1
2024-11-30,West Ham,Arsenal,-1
2024-12-01,Chelsea,Aston Villa,1
2024-12-01,Tottenham,Fulham,0
2024-12-01,Manchester Utd,Everton,1
2024-12-01,Liverpool,Manchester City,1
2024-12-03,Ipswich Town,Crystal Palace,-1
2024-12-03,Leicester City,West Ham,1
2024-12-04,Everton,Wolves,1
2024-12-04,Newcastle Utd,Liverpool,0
2024-12-04,Manchester City,Nott'ham Forest,1
2024-12-04,Southampton,Chelsea,-1
2024-12-04,Arsenal,Manchester Utd,1
2024-12-04,Aston Villa,Brentford,1
2024-12-05,Fulham,Brighton,1
2024-12-05,Bournemouth,Tottenham,1
2024-12-07,Everton,Liverpool,0
2024-12-07,Brentford,Newcastle Utd,1
2024-12-07,Crystal Palace,Manchester City,0
2024-12-07,Aston Villa,Southampton,1
2024-12-07,Manchester Utd,Nott'ham Forest,-1
2024-12-08,Fulham,Arsenal,0
2024-12-08,Ipswich Town,Bournemouth,-1
2024-12-08,Leicester City,Brighton,0
2024-12-08,Tottenham,Chelsea,-1
2024-12-09,West Ham,Wolves,1
2024-12-14,Newcastle Utd,Leicester City,1
2024-12-14,Arsenal,Everton,0
2024-12-14,Wolves,Ipswich Town,-1
2024-12-14,Liverpool,Fulham,0
2024-12-14,Nott'ham Forest,Aston Villa,1
2024-12-15,Brighton,Crystal Palace,-1
2024-12-15,Manchester City,Manchester Utd,-1
2024-12-15,Southampton,Tottenham,-1
2024-12-15,Chelsea,Brentford,1
2024-12-16,Bournemouth,West Ham,0
2024-12-21,Aston Villa,Manchester City,1
2024-12-21,West Ham,Brighton,0
2024-12-21,Brentford,Nott'ham Forest,-1
2024-12-21,Ipswich Town,Newcastle Utd,-1
2024-12-21,Crystal Palace,Arsenal,-1
2024-12-22,Manchester Utd,Bournemouth,-1
2024-12-22,Fulham,Southampton,0
2024-12-22,Everton,Chelsea,0
2024-12-22,Leicester City,Wolves,-1
2024-12-22,Tottenham,Liverpool,-1
